<?xml version="1.0"?>
<link_info>
   <banner>TI ARM Linker PC v5.2.7</banner>
   <copyright>Copyright (c) 1996-2015 Texas Instruments Incorporated</copyright>
   <link_time>0x57bf4fd9</link_time>
   <link_errors>0x0</link_errors>
   <output_file>EGCP_450_Blink_Example.out</output_file>
   <entry_point>
      <name>_c_int00</name>
      <address>0x451</address>
   </entry_point>
   <input_file_list>
      <input_file id="fl-2">
         <path>.\</path>
         <kind>object</kind>
         <file>main.obj</file>
         <name>main.obj</name>
      </input_file>
      <input_file id="fl-3">
         <path>.\</path>
         <kind>object</kind>
         <file>msp432_startup_ccs.obj</file>
         <name>msp432_startup_ccs.obj</name>
      </input_file>
      <input_file id="fl-129">
         <path>C:\ti\ccsv6\tools\compiler\ti-cgt-arm_5.2.7\lib\</path>
         <kind>archive</kind>
         <file>rtsv7M4_T_le_v4SPD16_eabi.lib</file>
         <name>boot.obj</name>
      </input_file>
      <input_file id="fl-12a">
         <path>C:\ti\ccsv6\tools\compiler\ti-cgt-arm_5.2.7\lib\</path>
         <kind>archive</kind>
         <file>rtsv7M4_T_le_v4SPD16_eabi.lib</file>
         <name>copy_decompress_none.obj</name>
      </input_file>
      <input_file id="fl-12b">
         <path>C:\ti\ccsv6\tools\compiler\ti-cgt-arm_5.2.7\lib\</path>
         <kind>archive</kind>
         <file>rtsv7M4_T_le_v4SPD16_eabi.lib</file>
         <name>copy_decompress_rle.obj</name>
      </input_file>
      <input_file id="fl-12c">
         <path>C:\ti\ccsv6\tools\compiler\ti-cgt-arm_5.2.7\lib\</path>
         <kind>archive</kind>
         <file>rtsv7M4_T_le_v4SPD16_eabi.lib</file>
         <name>copy_zero_init.obj</name>
      </input_file>
      <input_file id="fl-12d">
         <path>C:\ti\ccsv6\tools\compiler\ti-cgt-arm_5.2.7\lib\</path>
         <kind>archive</kind>
         <file>rtsv7M4_T_le_v4SPD16_eabi.lib</file>
         <name>exit.obj</name>
      </input_file>
      <input_file id="fl-12e">
         <path>C:\ti\ccsv6\tools\compiler\ti-cgt-arm_5.2.7\lib\</path>
         <kind>archive</kind>
         <file>rtsv7M4_T_le_v4SPD16_eabi.lib</file>
         <name>memcpy_t2.obj</name>
      </input_file>
      <input_file id="fl-12f">
         <path>C:\ti\ccsv6\tools\compiler\ti-cgt-arm_5.2.7\lib\</path>
         <kind>archive</kind>
         <file>rtsv7M4_T_le_v4SPD16_eabi.lib</file>
         <name>memset_t2.obj</name>
      </input_file>
      <input_file id="fl-130">
         <path>C:\ti\ccsv6\tools\compiler\ti-cgt-arm_5.2.7\lib\</path>
         <kind>archive</kind>
         <file>rtsv7M4_T_le_v4SPD16_eabi.lib</file>
         <name>pre_init.obj</name>
      </input_file>
      <input_file id="fl-131">
         <path>C:\ti\ccsv6\tools\compiler\ti-cgt-arm_5.2.7\lib\</path>
         <kind>archive</kind>
         <file>rtsv7M4_T_le_v4SPD16_eabi.lib</file>
         <name>stkdepth_vars.obj</name>
      </input_file>
      <input_file id="fl-132">
         <path>C:\ti\ccsv6\tools\compiler\ti-cgt-arm_5.2.7\lib\</path>
         <kind>archive</kind>
         <file>rtsv7M4_T_le_v4SPD16_eabi.lib</file>
         <name>_lock.obj</name>
      </input_file>
      <input_file id="fl-133">
         <path>C:\ti\ccsv6\tools\compiler\ti-cgt-arm_5.2.7\lib\</path>
         <kind>archive</kind>
         <file>rtsv7M4_T_le_v4SPD16_eabi.lib</file>
         <name>args_main.obj</name>
      </input_file>
      <input_file id="fl-134">
         <path>C:\ti\ccsv6\tools\compiler\ti-cgt-arm_5.2.7\lib\</path>
         <kind>archive</kind>
         <file>rtsv7M4_T_le_v4SPD16_eabi.lib</file>
         <name>autoinit.obj</name>
      </input_file>
      <input_file id="fl-135">
         <path>C:\ti\ccsv6\tools\compiler\ti-cgt-arm_5.2.7\lib\</path>
         <kind>archive</kind>
         <file>rtsv7M4_T_le_v4SPD16_eabi.lib</file>
         <name>cpy_tbl.obj</name>
      </input_file>
   </input_file_list>
   <object_component_list>
      <object_component id="oc-10">
         <name>.intvecs</name>
         <load_address>0x0</load_address>
         <run_address>0x0</run_address>
         <size>0x144</size>
         <input_file_ref idref="fl-3"/>
      </object_component>
      <object_component id="oc-34">
         <name>.text</name>
         <load_address>0x144</load_address>
         <run_address>0x144</run_address>
         <size>0x9c</size>
         <input_file_ref idref="fl-12e"/>
      </object_component>
      <object_component id="oc-2b">
         <name>.text</name>
         <load_address>0x1e0</load_address>
         <run_address>0x1e0</run_address>
         <size>0x9a</size>
         <input_file_ref idref="fl-3"/>
      </object_component>
      <object_component id="oc-99">
         <name>.text</name>
         <load_address>0x27c</load_address>
         <run_address>0x27c</run_address>
         <size>0x80</size>
         <input_file_ref idref="fl-2"/>
      </object_component>
      <object_component id="oc-4d">
         <name>.text</name>
         <load_address>0x2fc</load_address>
         <run_address>0x2fc</run_address>
         <size>0x7a</size>
         <input_file_ref idref="fl-12f"/>
      </object_component>
      <object_component id="oc-5f">
         <name>.text</name>
         <load_address>0x378</load_address>
         <run_address>0x378</run_address>
         <size>0x6c</size>
         <input_file_ref idref="fl-134"/>
      </object_component>
      <object_component id="oc-40">
         <name>.text</name>
         <load_address>0x3e4</load_address>
         <run_address>0x3e4</run_address>
         <size>0x6a</size>
         <input_file_ref idref="fl-12b"/>
      </object_component>
      <object_component id="oc-25">
         <name>.text</name>
         <load_address>0x450</load_address>
         <run_address>0x450</run_address>
         <size>0x50</size>
         <input_file_ref idref="fl-129"/>
      </object_component>
      <object_component id="oc-91">
         <name>.text</name>
         <load_address>0x4a0</load_address>
         <run_address>0x4a0</run_address>
         <size>0x4c</size>
         <input_file_ref idref="fl-135"/>
      </object_component>
      <object_component id="oc-6b">
         <name>.text</name>
         <load_address>0x4ec</load_address>
         <run_address>0x4ec</run_address>
         <size>0x44</size>
         <input_file_ref idref="fl-12d"/>
      </object_component>
      <object_component id="oc-65">
         <name>.text</name>
         <load_address>0x530</load_address>
         <run_address>0x530</run_address>
         <size>0x18</size>
         <input_file_ref idref="fl-133"/>
      </object_component>
      <object_component id="oc-c5">
         <name>.text</name>
         <load_address>0x548</load_address>
         <run_address>0x548</run_address>
         <size>0x14</size>
         <input_file_ref idref="fl-132"/>
      </object_component>
      <object_component id="oc-13">
         <name>.text:decompress:none</name>
         <load_address>0x55c</load_address>
         <run_address>0x55c</run_address>
         <size>0xe</size>
         <input_file_ref idref="fl-12a"/>
      </object_component>
      <object_component id="oc-19">
         <name>.text:decompress:rle24</name>
         <load_address>0x56a</load_address>
         <run_address>0x56a</run_address>
         <size>0x6</size>
         <input_file_ref idref="fl-12b"/>
      </object_component>
      <object_component id="oc-59">
         <name>.text</name>
         <load_address>0x570</load_address>
         <run_address>0x570</run_address>
         <size>0x4</size>
         <input_file_ref idref="fl-130"/>
      </object_component>
      <object_component id="oc-102">
         <name>.cinit..data.load</name>
         <load_address>0x578</load_address>
         <run_address>0x578</run_address>
         <size>0x14</size>
      </object_component>
      <object_component id="oc-100">
         <name>__TI_handler_table</name>
         <load_address>0x58c</load_address>
         <run_address>0x58c</run_address>
         <size>0x8</size>
      </object_component>
      <object_component id="oc-101">
         <name>__TI_cinit_table</name>
         <load_address>0x594</load_address>
         <run_address>0x594</run_address>
         <size>0x8</size>
      </object_component>
      <object_component id="oc-2a">
         <name>.stack</name>
         <uninitialized>true</uninitialized>
         <run_address>0x2000fe00</run_address>
         <size>0x0</size>
         <input_file_ref idref="fl-129"/>
      </object_component>
      <object_component id="oc-103">
         <name>.stack</name>
         <uninitialized>true</uninitialized>
         <run_address>0x2000fe00</run_address>
         <size>0x0</size>
      </object_component>
      <object_component id="oc-ba">
         <name>.data</name>
         <load_address>0x20000010</load_address>
         <run_address>0x20000010</run_address>
         <size>0x4</size>
         <input_file_ref idref="fl-2"/>
      </object_component>
      <object_component id="oc-a4">
         <name>.data</name>
         <load_address>0x20000008</load_address>
         <run_address>0x20000008</run_address>
         <size>0x8</size>
         <input_file_ref idref="fl-12d"/>
      </object_component>
      <object_component id="oc-71">
         <name>.data</name>
         <load_address>0x20000014</load_address>
         <run_address>0x20000014</run_address>
         <size>0x4</size>
         <input_file_ref idref="fl-131"/>
      </object_component>
      <object_component id="oc-a1">
         <name>.data</name>
         <load_address>0x20000000</load_address>
         <run_address>0x20000000</run_address>
         <size>0x8</size>
         <input_file_ref idref="fl-132"/>
      </object_component>
      <object_component id="oc-bb">
         <name>.debug_info</name>
         <load_address>0x0</load_address>
         <run_address>0x0</run_address>
         <size>0xca</size>
         <input_file_ref idref="fl-2"/>
      </object_component>
      <object_component id="oc-9a">
         <name>.debug_info</name>
         <load_address>0xca</load_address>
         <run_address>0xca</run_address>
         <size>0x108</size>
         <input_file_ref idref="fl-2"/>
      </object_component>
      <object_component id="oc-78">
         <name>.debug_info</name>
         <load_address>0x1d2</load_address>
         <run_address>0x1d2</run_address>
         <size>0x84</size>
         <input_file_ref idref="fl-2"/>
      </object_component>
      <object_component id="oc-33">
         <name>.debug_info</name>
         <load_address>0x256</load_address>
         <run_address>0x256</run_address>
         <size>0xfa</size>
         <input_file_ref idref="fl-3"/>
      </object_component>
      <object_component id="oc-11">
         <name>.debug_info</name>
         <load_address>0x350</load_address>
         <run_address>0x350</run_address>
         <size>0xe7</size>
         <input_file_ref idref="fl-3"/>
      </object_component>
      <object_component id="oc-2c">
         <name>.debug_info</name>
         <load_address>0x437</load_address>
         <run_address>0x437</run_address>
         <size>0x1693</size>
         <input_file_ref idref="fl-3"/>
      </object_component>
      <object_component id="oc-26">
         <name>.debug_info</name>
         <load_address>0x1aca</load_address>
         <run_address>0x1aca</run_address>
         <size>0x169</size>
         <input_file_ref idref="fl-129"/>
      </object_component>
      <object_component id="oc-3f">
         <name>.debug_info</name>
         <load_address>0x1c33</load_address>
         <run_address>0x1c33</run_address>
         <size>0x156</size>
         <input_file_ref idref="fl-12a"/>
      </object_component>
      <object_component id="oc-16">
         <name>.debug_info</name>
         <load_address>0x1d89</load_address>
         <run_address>0x1d89</run_address>
         <size>0x1f5</size>
         <input_file_ref idref="fl-12a"/>
      </object_component>
      <object_component id="oc-3a">
         <name>.debug_info</name>
         <load_address>0x1f7e</load_address>
         <run_address>0x1f7e</run_address>
         <size>0x46</size>
         <input_file_ref idref="fl-12a"/>
      </object_component>
      <object_component id="oc-7e">
         <name>.debug_info</name>
         <load_address>0x1fc4</load_address>
         <run_address>0x1fc4</run_address>
         <size>0x2c</size>
         <input_file_ref idref="fl-12a"/>
      </object_component>
      <object_component id="oc-47">
         <name>.debug_info</name>
         <load_address>0x1ff0</load_address>
         <run_address>0x1ff0</run_address>
         <size>0x14a</size>
         <input_file_ref idref="fl-12b"/>
      </object_component>
      <object_component id="oc-42">
         <name>.debug_info</name>
         <load_address>0x213a</load_address>
         <run_address>0x213a</run_address>
         <size>0x25d</size>
         <input_file_ref idref="fl-12b"/>
      </object_component>
      <object_component id="oc-1c">
         <name>.debug_info</name>
         <load_address>0x2397</load_address>
         <run_address>0x2397</run_address>
         <size>0x1c7</size>
         <input_file_ref idref="fl-12b"/>
      </object_component>
      <object_component id="oc-48">
         <name>.debug_info</name>
         <load_address>0x255e</load_address>
         <run_address>0x255e</run_address>
         <size>0x39</size>
         <input_file_ref idref="fl-12b"/>
      </object_component>
      <object_component id="oc-88">
         <name>.debug_info</name>
         <load_address>0x2597</load_address>
         <run_address>0x2597</run_address>
         <size>0x2c</size>
         <input_file_ref idref="fl-12b"/>
      </object_component>
      <object_component id="oc-a8">
         <name>.debug_info</name>
         <load_address>0x25c3</load_address>
         <run_address>0x25c3</run_address>
         <size>0x1a7</size>
         <input_file_ref idref="fl-12d"/>
      </object_component>
      <object_component id="oc-a5">
         <name>.debug_info</name>
         <load_address>0x276a</load_address>
         <run_address>0x276a</run_address>
         <size>0x14c</size>
         <input_file_ref idref="fl-12d"/>
      </object_component>
      <object_component id="oc-6e">
         <name>.debug_info</name>
         <load_address>0x28b6</load_address>
         <run_address>0x28b6</run_address>
         <size>0x223</size>
         <input_file_ref idref="fl-12d"/>
      </object_component>
      <object_component id="oc-36">
         <name>.debug_info</name>
         <load_address>0x2ad9</load_address>
         <run_address>0x2ad9</run_address>
         <size>0x12b</size>
         <input_file_ref idref="fl-12e"/>
      </object_component>
      <object_component id="oc-4f">
         <name>.debug_info</name>
         <load_address>0x2c04</load_address>
         <run_address>0x2c04</run_address>
         <size>0x159</size>
         <input_file_ref idref="fl-12f"/>
      </object_component>
      <object_component id="oc-5a">
         <name>.debug_info</name>
         <load_address>0x2d5d</load_address>
         <run_address>0x2d5d</run_address>
         <size>0x15e</size>
         <input_file_ref idref="fl-130"/>
      </object_component>
      <object_component id="oc-72">
         <name>.debug_info</name>
         <load_address>0x2ebb</load_address>
         <run_address>0x2ebb</run_address>
         <size>0x11f</size>
         <input_file_ref idref="fl-131"/>
      </object_component>
      <object_component id="oc-cd">
         <name>.debug_info</name>
         <load_address>0x2fda</load_address>
         <run_address>0x2fda</run_address>
         <size>0x13a</size>
         <input_file_ref idref="fl-132"/>
      </object_component>
      <object_component id="oc-a2">
         <name>.debug_info</name>
         <load_address>0x3114</load_address>
         <run_address>0x3114</run_address>
         <size>0x129</size>
         <input_file_ref idref="fl-132"/>
      </object_component>
      <object_component id="oc-c6">
         <name>.debug_info</name>
         <load_address>0x323d</load_address>
         <run_address>0x323d</run_address>
         <size>0x235</size>
         <input_file_ref idref="fl-132"/>
      </object_component>
      <object_component id="oc-a0">
         <name>.debug_info</name>
         <load_address>0x3472</load_address>
         <run_address>0x3472</run_address>
         <size>0x17c</size>
         <input_file_ref idref="fl-133"/>
      </object_component>
      <object_component id="oc-66">
         <name>.debug_info</name>
         <load_address>0x35ee</load_address>
         <run_address>0x35ee</run_address>
         <size>0x17d</size>
         <input_file_ref idref="fl-133"/>
      </object_component>
      <object_component id="oc-c0">
         <name>.debug_info</name>
         <load_address>0x376b</load_address>
         <run_address>0x376b</run_address>
         <size>0x5e</size>
         <input_file_ref idref="fl-133"/>
      </object_component>
      <object_component id="oc-98">
         <name>.debug_info</name>
         <load_address>0x37c9</load_address>
         <run_address>0x37c9</run_address>
         <size>0x2d3</size>
         <input_file_ref idref="fl-134"/>
      </object_component>
      <object_component id="oc-61">
         <name>.debug_info</name>
         <load_address>0x3a9c</load_address>
         <run_address>0x3a9c</run_address>
         <size>0x18d</size>
         <input_file_ref idref="fl-134"/>
      </object_component>
      <object_component id="oc-b0">
         <name>.debug_info</name>
         <load_address>0x3c29</load_address>
         <run_address>0x3c29</run_address>
         <size>0x39</size>
         <input_file_ref idref="fl-134"/>
      </object_component>
      <object_component id="oc-b5">
         <name>.debug_info</name>
         <load_address>0x3c62</load_address>
         <run_address>0x3c62</run_address>
         <size>0xcd</size>
         <input_file_ref idref="fl-134"/>
      </object_component>
      <object_component id="oc-ad">
         <name>.debug_info</name>
         <load_address>0x3d2f</load_address>
         <run_address>0x3d2f</run_address>
         <size>0x1f6</size>
         <input_file_ref idref="fl-135"/>
      </object_component>
      <object_component id="oc-92">
         <name>.debug_info</name>
         <load_address>0x3f25</load_address>
         <run_address>0x3f25</run_address>
         <size>0x199</size>
         <input_file_ref idref="fl-135"/>
      </object_component>
      <object_component id="oc-d5">
         <name>.debug_info</name>
         <load_address>0x40be</load_address>
         <run_address>0x40be</run_address>
         <size>0x2c</size>
         <input_file_ref idref="fl-135"/>
      </object_component>
      <object_component id="oc-104">
         <name>.debug_info</name>
         <load_address>0x40ea</load_address>
         <run_address>0x40ea</run_address>
         <size>0xaa</size>
      </object_component>
      <object_component id="oc-db">
         <name>.debug_line</name>
         <load_address>0x0</load_address>
         <run_address>0x0</run_address>
         <size>0x2d</size>
         <input_file_ref idref="fl-2"/>
      </object_component>
      <object_component id="oc-9d">
         <name>.debug_line</name>
         <load_address>0x2d</load_address>
         <run_address>0x2d</run_address>
         <size>0x62</size>
         <input_file_ref idref="fl-2"/>
      </object_component>
      <object_component id="oc-7b">
         <name>.debug_line</name>
         <load_address>0x8f</load_address>
         <run_address>0x8f</run_address>
         <size>0x20</size>
         <input_file_ref idref="fl-2"/>
      </object_component>
      <object_component id="oc-77">
         <name>.debug_line</name>
         <load_address>0xaf</load_address>
         <run_address>0xaf</run_address>
         <size>0x3b</size>
         <input_file_ref idref="fl-3"/>
      </object_component>
      <object_component id="oc-32">
         <name>.debug_line</name>
         <load_address>0xea</load_address>
         <run_address>0xea</run_address>
         <size>0x3b</size>
         <input_file_ref idref="fl-3"/>
      </object_component>
      <object_component id="oc-2f">
         <name>.debug_line</name>
         <load_address>0x125</load_address>
         <run_address>0x125</run_address>
         <size>0x55a</size>
         <input_file_ref idref="fl-3"/>
      </object_component>
      <object_component id="oc-29">
         <name>.debug_line</name>
         <load_address>0x67f</load_address>
         <run_address>0x67f</run_address>
         <size>0x52</size>
         <input_file_ref idref="fl-129"/>
      </object_component>
      <object_component id="oc-84">
         <name>.debug_line</name>
         <load_address>0x6d1</load_address>
         <run_address>0x6d1</run_address>
         <size>0xa5</size>
         <input_file_ref idref="fl-12a"/>
      </object_component>
      <object_component id="oc-14">
         <name>.debug_line</name>
         <load_address>0x776</load_address>
         <run_address>0x776</run_address>
         <size>0x55</size>
         <input_file_ref idref="fl-12a"/>
      </object_component>
      <object_component id="oc-3d">
         <name>.debug_line</name>
         <load_address>0x7cb</load_address>
         <run_address>0x7cb</run_address>
         <size>0x3a</size>
         <input_file_ref idref="fl-12a"/>
      </object_component>
      <object_component id="oc-81">
         <name>.debug_line</name>
         <load_address>0x805</load_address>
         <run_address>0x805</run_address>
         <size>0xa5</size>
         <input_file_ref idref="fl-12a"/>
      </object_component>
      <object_component id="oc-87">
         <name>.debug_line</name>
         <load_address>0x8aa</load_address>
         <run_address>0x8aa</run_address>
         <size>0xa5</size>
         <input_file_ref idref="fl-12b"/>
      </object_component>
      <object_component id="oc-44">
         <name>.debug_line</name>
         <load_address>0x94f</load_address>
         <run_address>0x94f</run_address>
         <size>0x98</size>
         <input_file_ref idref="fl-12b"/>
      </object_component>
      <object_component id="oc-1e">
         <name>.debug_line</name>
         <load_address>0x9e7</load_address>
         <run_address>0x9e7</run_address>
         <size>0x4b</size>
         <input_file_ref idref="fl-12b"/>
      </object_component>
      <object_component id="oc-4b">
         <name>.debug_line</name>
         <load_address>0xa32</load_address>
         <run_address>0xa32</run_address>
         <size>0x39</size>
         <input_file_ref idref="fl-12b"/>
      </object_component>
      <object_component id="oc-8b">
         <name>.debug_line</name>
         <load_address>0xa6b</load_address>
         <run_address>0xa6b</run_address>
         <size>0xa5</size>
         <input_file_ref idref="fl-12b"/>
      </object_component>
      <object_component id="oc-d2">
         <name>.debug_line</name>
         <load_address>0xb10</load_address>
         <run_address>0xb10</run_address>
         <size>0xa4</size>
         <input_file_ref idref="fl-12d"/>
      </object_component>
      <object_component id="oc-d0">
         <name>.debug_line</name>
         <load_address>0xbb4</load_address>
         <run_address>0xbb4</run_address>
         <size>0x2a</size>
         <input_file_ref idref="fl-12d"/>
      </object_component>
      <object_component id="oc-6d">
         <name>.debug_line</name>
         <load_address>0xbde</load_address>
         <run_address>0xbde</run_address>
         <size>0x7a</size>
         <input_file_ref idref="fl-12d"/>
      </object_component>
      <object_component id="oc-35">
         <name>.debug_line</name>
         <load_address>0xc58</load_address>
         <run_address>0xc58</run_address>
         <size>0x88</size>
         <input_file_ref idref="fl-12e"/>
      </object_component>
      <object_component id="oc-51">
         <name>.debug_line</name>
         <load_address>0xce0</load_address>
         <run_address>0xce0</run_address>
         <size>0x79</size>
         <input_file_ref idref="fl-12f"/>
      </object_component>
      <object_component id="oc-5d">
         <name>.debug_line</name>
         <load_address>0xd59</load_address>
         <run_address>0xd59</run_address>
         <size>0x40</size>
         <input_file_ref idref="fl-130"/>
      </object_component>
      <object_component id="oc-ab">
         <name>.debug_line</name>
         <load_address>0xd99</load_address>
         <run_address>0xd99</run_address>
         <size>0x33</size>
         <input_file_ref idref="fl-131"/>
      </object_component>
      <object_component id="oc-de">
         <name>.debug_line</name>
         <load_address>0xdcc</load_address>
         <run_address>0xdcc</run_address>
         <size>0x20</size>
         <input_file_ref idref="fl-132"/>
      </object_component>
      <object_component id="oc-cc">
         <name>.debug_line</name>
         <load_address>0xdec</load_address>
         <run_address>0xdec</run_address>
         <size>0x2b</size>
         <input_file_ref idref="fl-132"/>
      </object_component>
      <object_component id="oc-c9">
         <name>.debug_line</name>
         <load_address>0xe17</load_address>
         <run_address>0xe17</run_address>
         <size>0x68</size>
         <input_file_ref idref="fl-132"/>
      </object_component>
      <object_component id="oc-bf">
         <name>.debug_line</name>
         <load_address>0xe7f</load_address>
         <run_address>0xe7f</run_address>
         <size>0x2b</size>
         <input_file_ref idref="fl-133"/>
      </object_component>
      <object_component id="oc-69">
         <name>.debug_line</name>
         <load_address>0xeaa</load_address>
         <run_address>0xeaa</run_address>
         <size>0x50</size>
         <input_file_ref idref="fl-133"/>
      </object_component>
      <object_component id="oc-c3">
         <name>.debug_line</name>
         <load_address>0xefa</load_address>
         <run_address>0xefa</run_address>
         <size>0x2b</size>
         <input_file_ref idref="fl-133"/>
      </object_component>
      <object_component id="oc-af">
         <name>.debug_line</name>
         <load_address>0xf25</load_address>
         <run_address>0xf25</run_address>
         <size>0xb4</size>
         <input_file_ref idref="fl-134"/>
      </object_component>
      <object_component id="oc-60">
         <name>.debug_line</name>
         <load_address>0xfd9</load_address>
         <run_address>0xfd9</run_address>
         <size>0x79</size>
         <input_file_ref idref="fl-134"/>
      </object_component>
      <object_component id="oc-b3">
         <name>.debug_line</name>
         <load_address>0x1052</load_address>
         <run_address>0x1052</run_address>
         <size>0x2e</size>
         <input_file_ref idref="fl-134"/>
      </object_component>
      <object_component id="oc-b8">
         <name>.debug_line</name>
         <load_address>0x1080</load_address>
         <run_address>0x1080</run_address>
         <size>0xa6</size>
         <input_file_ref idref="fl-134"/>
      </object_component>
      <object_component id="oc-d4">
         <name>.debug_line</name>
         <load_address>0x1126</load_address>
         <run_address>0x1126</run_address>
         <size>0xb3</size>
         <input_file_ref idref="fl-135"/>
      </object_component>
      <object_component id="oc-95">
         <name>.debug_line</name>
         <load_address>0x11d9</load_address>
         <run_address>0x11d9</run_address>
         <size>0x68</size>
         <input_file_ref idref="fl-135"/>
      </object_component>
      <object_component id="oc-d8">
         <name>.debug_line</name>
         <load_address>0x1241</load_address>
         <run_address>0x1241</run_address>
         <size>0x2e</size>
         <input_file_ref idref="fl-135"/>
      </object_component>
      <object_component id="oc-9e">
         <name>.debug_frame</name>
         <load_address>0x0</load_address>
         <run_address>0x0</run_address>
         <size>0x82</size>
         <input_file_ref idref="fl-2"/>
      </object_component>
      <object_component id="oc-30">
         <name>.debug_frame</name>
         <load_address>0x82</load_address>
         <run_address>0x82</run_address>
         <size>0x404</size>
         <input_file_ref idref="fl-3"/>
      </object_component>
      <object_component id="oc-15">
         <name>.debug_frame</name>
         <load_address>0x486</load_address>
         <run_address>0x486</run_address>
         <size>0x7f</size>
         <input_file_ref idref="fl-12a"/>
      </object_component>
      <object_component id="oc-45">
         <name>.debug_frame</name>
         <load_address>0x505</load_address>
         <run_address>0x505</run_address>
         <size>0x8e</size>
         <input_file_ref idref="fl-12b"/>
      </object_component>
      <object_component id="oc-1a">
         <name>.debug_frame</name>
         <load_address>0x593</load_address>
         <run_address>0x593</run_address>
         <size>0x7f</size>
         <input_file_ref idref="fl-12b"/>
      </object_component>
      <object_component id="oc-6c">
         <name>.debug_frame</name>
         <load_address>0x612</load_address>
         <run_address>0x612</run_address>
         <size>0xb3</size>
         <input_file_ref idref="fl-12d"/>
      </object_component>
      <object_component id="oc-5e">
         <name>.debug_frame</name>
         <load_address>0x6c5</load_address>
         <run_address>0x6c5</run_address>
         <size>0x7f</size>
         <input_file_ref idref="fl-130"/>
      </object_component>
      <object_component id="oc-ca">
         <name>.debug_frame</name>
         <load_address>0x744</load_address>
         <run_address>0x744</run_address>
         <size>0xa1</size>
         <input_file_ref idref="fl-132"/>
      </object_component>
      <object_component id="oc-6a">
         <name>.debug_frame</name>
         <load_address>0x7e5</load_address>
         <run_address>0x7e5</run_address>
         <size>0x7f</size>
         <input_file_ref idref="fl-133"/>
      </object_component>
      <object_component id="oc-64">
         <name>.debug_frame</name>
         <load_address>0x864</load_address>
         <run_address>0x864</run_address>
         <size>0x8a</size>
         <input_file_ref idref="fl-134"/>
      </object_component>
      <object_component id="oc-96">
         <name>.debug_frame</name>
         <load_address>0x8ee</load_address>
         <run_address>0x8ee</run_address>
         <size>0x8e</size>
         <input_file_ref idref="fl-135"/>
      </object_component>
      <object_component id="oc-da">
         <name>.debug_abbrev</name>
         <load_address>0x0</load_address>
         <run_address>0x0</run_address>
         <size>0x29</size>
         <input_file_ref idref="fl-2"/>
      </object_component>
      <object_component id="oc-bd">
         <name>.debug_abbrev</name>
         <load_address>0x29</load_address>
         <run_address>0x29</run_address>
         <size>0x52</size>
         <input_file_ref idref="fl-2"/>
      </object_component>
      <object_component id="oc-7a">
         <name>.debug_abbrev</name>
         <load_address>0x7b</load_address>
         <run_address>0x7b</run_address>
         <size>0x1f</size>
         <input_file_ref idref="fl-2"/>
      </object_component>
      <object_component id="oc-76">
         <name>.debug_abbrev</name>
         <load_address>0x9a</load_address>
         <run_address>0x9a</run_address>
         <size>0x5d</size>
         <input_file_ref idref="fl-3"/>
      </object_component>
      <object_component id="oc-31">
         <name>.debug_abbrev</name>
         <load_address>0xf7</load_address>
         <run_address>0xf7</run_address>
         <size>0x29</size>
         <input_file_ref idref="fl-3"/>
      </object_component>
      <object_component id="oc-75">
         <name>.debug_abbrev</name>
         <load_address>0x120</load_address>
         <run_address>0x120</run_address>
         <size>0xf8</size>
         <input_file_ref idref="fl-3"/>
      </object_component>
      <object_component id="oc-74">
         <name>.debug_abbrev</name>
         <load_address>0x218</load_address>
         <run_address>0x218</run_address>
         <size>0x3e</size>
         <input_file_ref idref="fl-129"/>
      </object_component>
      <object_component id="oc-83">
         <name>.debug_abbrev</name>
         <load_address>0x256</load_address>
         <run_address>0x256</run_address>
         <size>0x52</size>
         <input_file_ref idref="fl-12a"/>
      </object_component>
      <object_component id="oc-39">
         <name>.debug_abbrev</name>
         <load_address>0x2a8</load_address>
         <run_address>0x2a8</run_address>
         <size>0x74</size>
         <input_file_ref idref="fl-12a"/>
      </object_component>
      <object_component id="oc-3c">
         <name>.debug_abbrev</name>
         <load_address>0x31c</load_address>
         <run_address>0x31c</run_address>
         <size>0x24</size>
         <input_file_ref idref="fl-12a"/>
      </object_component>
      <object_component id="oc-80">
         <name>.debug_abbrev</name>
         <load_address>0x340</load_address>
         <run_address>0x340</run_address>
         <size>0x24</size>
         <input_file_ref idref="fl-12a"/>
      </object_component>
      <object_component id="oc-86">
         <name>.debug_abbrev</name>
         <load_address>0x364</load_address>
         <run_address>0x364</run_address>
         <size>0x52</size>
         <input_file_ref idref="fl-12b"/>
      </object_component>
      <object_component id="oc-85">
         <name>.debug_abbrev</name>
         <load_address>0x3b6</load_address>
         <run_address>0x3b6</run_address>
         <size>0x7b</size>
         <input_file_ref idref="fl-12b"/>
      </object_component>
      <object_component id="oc-46">
         <name>.debug_abbrev</name>
         <load_address>0x431</load_address>
         <run_address>0x431</run_address>
         <size>0x66</size>
         <input_file_ref idref="fl-12b"/>
      </object_component>
      <object_component id="oc-4a">
         <name>.debug_abbrev</name>
         <load_address>0x497</load_address>
         <run_address>0x497</run_address>
         <size>0x24</size>
         <input_file_ref idref="fl-12b"/>
      </object_component>
      <object_component id="oc-8a">
         <name>.debug_abbrev</name>
         <load_address>0x4bb</load_address>
         <run_address>0x4bb</run_address>
         <size>0x24</size>
         <input_file_ref idref="fl-12b"/>
      </object_component>
      <object_component id="oc-d1">
         <name>.debug_abbrev</name>
         <load_address>0x4df</load_address>
         <run_address>0x4df</run_address>
         <size>0x6b</size>
         <input_file_ref idref="fl-12d"/>
      </object_component>
      <object_component id="oc-cf">
         <name>.debug_abbrev</name>
         <load_address>0x54a</load_address>
         <run_address>0x54a</run_address>
         <size>0x29</size>
         <input_file_ref idref="fl-12d"/>
      </object_component>
      <object_component id="oc-a7">
         <name>.debug_abbrev</name>
         <load_address>0x573</load_address>
         <run_address>0x573</run_address>
         <size>0xba</size>
         <input_file_ref idref="fl-12d"/>
      </object_component>
      <object_component id="oc-7d">
         <name>.debug_abbrev</name>
         <load_address>0x62d</load_address>
         <run_address>0x62d</run_address>
         <size>0x3e</size>
         <input_file_ref idref="fl-12e"/>
      </object_component>
      <object_component id="oc-8d">
         <name>.debug_abbrev</name>
         <load_address>0x66b</load_address>
         <run_address>0x66b</run_address>
         <size>0x4f</size>
         <input_file_ref idref="fl-12f"/>
      </object_component>
      <object_component id="oc-90">
         <name>.debug_abbrev</name>
         <load_address>0x6ba</load_address>
         <run_address>0x6ba</run_address>
         <size>0x55</size>
         <input_file_ref idref="fl-130"/>
      </object_component>
      <object_component id="oc-aa">
         <name>.debug_abbrev</name>
         <load_address>0x70f</load_address>
         <run_address>0x70f</run_address>
         <size>0x27</size>
         <input_file_ref idref="fl-131"/>
      </object_component>
      <object_component id="oc-dd">
         <name>.debug_abbrev</name>
         <load_address>0x736</load_address>
         <run_address>0x736</run_address>
         <size>0x45</size>
         <input_file_ref idref="fl-132"/>
      </object_component>
      <object_component id="oc-cb">
         <name>.debug_abbrev</name>
         <load_address>0x77b</load_address>
         <run_address>0x77b</run_address>
         <size>0x29</size>
         <input_file_ref idref="fl-132"/>
      </object_component>
      <object_component id="oc-dc">
         <name>.debug_abbrev</name>
         <load_address>0x7a4</load_address>
         <run_address>0x7a4</run_address>
         <size>0x6f</size>
         <input_file_ref idref="fl-132"/>
      </object_component>
      <object_component id="oc-be">
         <name>.debug_abbrev</name>
         <load_address>0x813</load_address>
         <run_address>0x813</run_address>
         <size>0x8e</size>
         <input_file_ref idref="fl-133"/>
      </object_component>
      <object_component id="oc-9f">
         <name>.debug_abbrev</name>
         <load_address>0x8a1</load_address>
         <run_address>0x8a1</run_address>
         <size>0x68</size>
         <input_file_ref idref="fl-133"/>
      </object_component>
      <object_component id="oc-c2">
         <name>.debug_abbrev</name>
         <load_address>0x909</load_address>
         <run_address>0x909</run_address>
         <size>0x49</size>
         <input_file_ref idref="fl-133"/>
      </object_component>
      <object_component id="oc-ae">
         <name>.debug_abbrev</name>
         <load_address>0x952</load_address>
         <run_address>0x952</run_address>
         <size>0x9a</size>
         <input_file_ref idref="fl-134"/>
      </object_component>
      <object_component id="oc-97">
         <name>.debug_abbrev</name>
         <load_address>0x9ec</load_address>
         <run_address>0x9ec</run_address>
         <size>0x7e</size>
         <input_file_ref idref="fl-134"/>
      </object_component>
      <object_component id="oc-b2">
         <name>.debug_abbrev</name>
         <load_address>0xa6a</load_address>
         <run_address>0xa6a</run_address>
         <size>0x24</size>
         <input_file_ref idref="fl-134"/>
      </object_component>
      <object_component id="oc-b7">
         <name>.debug_abbrev</name>
         <load_address>0xa8e</load_address>
         <run_address>0xa8e</run_address>
         <size>0x4b</size>
         <input_file_ref idref="fl-134"/>
      </object_component>
      <object_component id="oc-d3">
         <name>.debug_abbrev</name>
         <load_address>0xad9</load_address>
         <run_address>0xad9</run_address>
         <size>0x9c</size>
         <input_file_ref idref="fl-135"/>
      </object_component>
      <object_component id="oc-ac">
         <name>.debug_abbrev</name>
         <load_address>0xb75</load_address>
         <run_address>0xb75</run_address>
         <size>0x8c</size>
         <input_file_ref idref="fl-135"/>
      </object_component>
      <object_component id="oc-d7">
         <name>.debug_abbrev</name>
         <load_address>0xc01</load_address>
         <run_address>0xc01</run_address>
         <size>0x24</size>
         <input_file_ref idref="fl-135"/>
      </object_component>
      <object_component id="oc-105">
         <name>.debug_abbrev</name>
         <load_address>0xc25</load_address>
         <run_address>0xc25</run_address>
         <size>0xf</size>
      </object_component>
      <object_component id="oc-7c">
         <name>.debug_str</name>
         <load_address>0x0</load_address>
         <run_address>0x0</run_address>
         <size>0xf5</size>
         <input_file_ref idref="fl-2"/>
      </object_component>
      <object_component id="oc-3e">
         <name>.debug_str</name>
         <load_address>0xf5</load_address>
         <run_address>0xf5</run_address>
         <size>0x116</size>
         <input_file_ref idref="fl-12a"/>
      </object_component>
      <object_component id="oc-82">
         <name>.debug_str</name>
         <load_address>0x20b</load_address>
         <run_address>0x20b</run_address>
         <size>0x15e</size>
         <input_file_ref idref="fl-12a"/>
      </object_component>
      <object_component id="oc-4c">
         <name>.debug_str</name>
         <load_address>0x369</load_address>
         <run_address>0x369</run_address>
         <size>0x108</size>
         <input_file_ref idref="fl-12b"/>
      </object_component>
      <object_component id="oc-8c">
         <name>.debug_str</name>
         <load_address>0x471</load_address>
         <run_address>0x471</run_address>
         <size>0x15e</size>
         <input_file_ref idref="fl-12b"/>
      </object_component>
      <object_component id="oc-c4">
         <name>.debug_str</name>
         <load_address>0x5cf</load_address>
         <run_address>0x5cf</run_address>
         <size>0xec</size>
         <input_file_ref idref="fl-133"/>
      </object_component>
      <object_component id="oc-b4">
         <name>.debug_str</name>
         <load_address>0x6bb</load_address>
         <run_address>0x6bb</run_address>
         <size>0xf8</size>
         <input_file_ref idref="fl-134"/>
      </object_component>
      <object_component id="oc-b9">
         <name>.debug_str</name>
         <load_address>0x7b3</load_address>
         <run_address>0x7b3</run_address>
         <size>0x1b5</size>
         <input_file_ref idref="fl-134"/>
      </object_component>
      <object_component id="oc-d9">
         <name>.debug_str</name>
         <load_address>0x968</load_address>
         <run_address>0x968</run_address>
         <size>0xed</size>
         <input_file_ref idref="fl-135"/>
      </object_component>
      <object_component id="oc-9b">
         <name>.debug_aranges</name>
         <load_address>0x0</load_address>
         <run_address>0x0</run_address>
         <size>0x20</size>
         <input_file_ref idref="fl-2"/>
      </object_component>
      <object_component id="oc-2d">
         <name>.debug_aranges</name>
         <load_address>0x20</load_address>
         <run_address>0x20</run_address>
         <size>0x1c8</size>
         <input_file_ref idref="fl-3"/>
      </object_component>
      <object_component id="oc-28">
         <name>.debug_aranges</name>
         <load_address>0x1e8</load_address>
         <run_address>0x1e8</run_address>
         <size>0x20</size>
         <input_file_ref idref="fl-129"/>
      </object_component>
      <object_component id="oc-17">
         <name>.debug_aranges</name>
         <load_address>0x208</load_address>
         <run_address>0x208</run_address>
         <size>0x20</size>
         <input_file_ref idref="fl-12a"/>
      </object_component>
      <object_component id="oc-41">
         <name>.debug_aranges</name>
         <load_address>0x228</load_address>
         <run_address>0x228</run_address>
         <size>0x20</size>
         <input_file_ref idref="fl-12b"/>
      </object_component>
      <object_component id="oc-1b">
         <name>.debug_aranges</name>
         <load_address>0x248</load_address>
         <run_address>0x248</run_address>
         <size>0x20</size>
         <input_file_ref idref="fl-12b"/>
      </object_component>
      <object_component id="oc-6f">
         <name>.debug_aranges</name>
         <load_address>0x268</load_address>
         <run_address>0x268</run_address>
         <size>0x30</size>
         <input_file_ref idref="fl-12d"/>
      </object_component>
      <object_component id="oc-37">
         <name>.debug_aranges</name>
         <load_address>0x298</load_address>
         <run_address>0x298</run_address>
         <size>0x20</size>
         <input_file_ref idref="fl-12e"/>
      </object_component>
      <object_component id="oc-4e">
         <name>.debug_aranges</name>
         <load_address>0x2b8</load_address>
         <run_address>0x2b8</run_address>
         <size>0x28</size>
         <input_file_ref idref="fl-12f"/>
      </object_component>
      <object_component id="oc-5b">
         <name>.debug_aranges</name>
         <load_address>0x2e0</load_address>
         <run_address>0x2e0</run_address>
         <size>0x20</size>
         <input_file_ref idref="fl-130"/>
      </object_component>
      <object_component id="oc-c7">
         <name>.debug_aranges</name>
         <load_address>0x300</load_address>
         <run_address>0x300</run_address>
         <size>0x30</size>
         <input_file_ref idref="fl-132"/>
      </object_component>
      <object_component id="oc-67">
         <name>.debug_aranges</name>
         <load_address>0x330</load_address>
         <run_address>0x330</run_address>
         <size>0x20</size>
         <input_file_ref idref="fl-133"/>
      </object_component>
      <object_component id="oc-62">
         <name>.debug_aranges</name>
         <load_address>0x350</load_address>
         <run_address>0x350</run_address>
         <size>0x20</size>
         <input_file_ref idref="fl-134"/>
      </object_component>
      <object_component id="oc-93">
         <name>.debug_aranges</name>
         <load_address>0x370</load_address>
         <run_address>0x370</run_address>
         <size>0x20</size>
         <input_file_ref idref="fl-135"/>
      </object_component>
      <object_component id="oc-bc">
         <name>.debug_pubnames</name>
         <load_address>0x0</load_address>
         <run_address>0x0</run_address>
         <size>0x1a</size>
         <input_file_ref idref="fl-2"/>
      </object_component>
      <object_component id="oc-9c">
         <name>.debug_pubnames</name>
         <load_address>0x1a</load_address>
         <run_address>0x1a</run_address>
         <size>0x1b</size>
         <input_file_ref idref="fl-2"/>
      </object_component>
      <object_component id="oc-12">
         <name>.debug_pubnames</name>
         <load_address>0x35</load_address>
         <run_address>0x35</run_address>
         <size>0x27</size>
         <input_file_ref idref="fl-3"/>
      </object_component>
      <object_component id="oc-2e">
         <name>.debug_pubnames</name>
         <load_address>0x5c</load_address>
         <run_address>0x5c</run_address>
         <size>0x474</size>
         <input_file_ref idref="fl-3"/>
      </object_component>
      <object_component id="oc-27">
         <name>.debug_pubnames</name>
         <load_address>0x4d0</load_address>
         <run_address>0x4d0</run_address>
         <size>0x1f</size>
         <input_file_ref idref="fl-129"/>
      </object_component>
      <object_component id="oc-18">
         <name>.debug_pubnames</name>
         <load_address>0x4ef</load_address>
         <run_address>0x4ef</run_address>
         <size>0x2b</size>
         <input_file_ref idref="fl-12a"/>
      </object_component>
      <object_component id="oc-43">
         <name>.debug_pubnames</name>
         <load_address>0x51a</load_address>
         <run_address>0x51a</run_address>
         <size>0x2f</size>
         <input_file_ref idref="fl-12b"/>
      </object_component>
      <object_component id="oc-1d">
         <name>.debug_pubnames</name>
         <load_address>0x549</load_address>
         <run_address>0x549</run_address>
         <size>0x2c</size>
         <input_file_ref idref="fl-12b"/>
      </object_component>
      <object_component id="oc-a6">
         <name>.debug_pubnames</name>
         <load_address>0x575</load_address>
         <run_address>0x575</run_address>
         <size>0x3a</size>
         <input_file_ref idref="fl-12d"/>
      </object_component>
      <object_component id="oc-70">
         <name>.debug_pubnames</name>
         <load_address>0x5af</load_address>
         <run_address>0x5af</run_address>
         <size>0x35</size>
         <input_file_ref idref="fl-12d"/>
      </object_component>
      <object_component id="oc-38">
         <name>.debug_pubnames</name>
         <load_address>0x5e4</load_address>
         <run_address>0x5e4</run_address>
         <size>0x1d</size>
         <input_file_ref idref="fl-12e"/>
      </object_component>
      <object_component id="oc-50">
         <name>.debug_pubnames</name>
         <load_address>0x601</load_address>
         <run_address>0x601</run_address>
         <size>0x37</size>
         <input_file_ref idref="fl-12f"/>
      </object_component>
      <object_component id="oc-5c">
         <name>.debug_pubnames</name>
         <load_address>0x638</load_address>
         <run_address>0x638</run_address>
         <size>0x27</size>
         <input_file_ref idref="fl-130"/>
      </object_component>
      <object_component id="oc-73">
         <name>.debug_pubnames</name>
         <load_address>0x65f</load_address>
         <run_address>0x65f</run_address>
         <size>0x23</size>
         <input_file_ref idref="fl-131"/>
      </object_component>
      <object_component id="oc-a3">
         <name>.debug_pubnames</name>
         <load_address>0x682</load_address>
         <run_address>0x682</run_address>
         <size>0x28</size>
         <input_file_ref idref="fl-132"/>
      </object_component>
      <object_component id="oc-c8">
         <name>.debug_pubnames</name>
         <load_address>0x6aa</load_address>
         <run_address>0x6aa</run_address>
         <size>0x43</size>
         <input_file_ref idref="fl-132"/>
      </object_component>
      <object_component id="oc-68">
         <name>.debug_pubnames</name>
         <load_address>0x6ed</load_address>
         <run_address>0x6ed</run_address>
         <size>0x21</size>
         <input_file_ref idref="fl-133"/>
      </object_component>
      <object_component id="oc-63">
         <name>.debug_pubnames</name>
         <load_address>0x70e</load_address>
         <run_address>0x70e</run_address>
         <size>0x25</size>
         <input_file_ref idref="fl-134"/>
      </object_component>
      <object_component id="oc-94">
         <name>.debug_pubnames</name>
         <load_address>0x733</load_address>
         <run_address>0x733</run_address>
         <size>0x1e</size>
         <input_file_ref idref="fl-135"/>
      </object_component>
      <object_component id="oc-79">
         <name>.debug_pubtypes</name>
         <load_address>0x0</load_address>
         <run_address>0x0</run_address>
         <size>0xed</size>
         <input_file_ref idref="fl-2"/>
      </object_component>
      <object_component id="oc-3b">
         <name>.debug_pubtypes</name>
         <load_address>0xed</load_address>
         <run_address>0xed</run_address>
         <size>0x48</size>
         <input_file_ref idref="fl-12a"/>
      </object_component>
      <object_component id="oc-7f">
         <name>.debug_pubtypes</name>
         <load_address>0x135</load_address>
         <run_address>0x135</run_address>
         <size>0x1d</size>
         <input_file_ref idref="fl-12a"/>
      </object_component>
      <object_component id="oc-49">
         <name>.debug_pubtypes</name>
         <load_address>0x152</load_address>
         <run_address>0x152</run_address>
         <size>0x37</size>
         <input_file_ref idref="fl-12b"/>
      </object_component>
      <object_component id="oc-89">
         <name>.debug_pubtypes</name>
         <load_address>0x189</load_address>
         <run_address>0x189</run_address>
         <size>0x1d</size>
         <input_file_ref idref="fl-12b"/>
      </object_component>
      <object_component id="oc-a9">
         <name>.debug_pubtypes</name>
         <load_address>0x1a6</load_address>
         <run_address>0x1a6</run_address>
         <size>0x1f</size>
         <input_file_ref idref="fl-12d"/>
      </object_component>
      <object_component id="oc-ce">
         <name>.debug_pubtypes</name>
         <load_address>0x1c5</load_address>
         <run_address>0x1c5</run_address>
         <size>0x1f</size>
         <input_file_ref idref="fl-132"/>
      </object_component>
      <object_component id="oc-c1">
         <name>.debug_pubtypes</name>
         <load_address>0x1e4</load_address>
         <run_address>0x1e4</run_address>
         <size>0x1b</size>
         <input_file_ref idref="fl-133"/>
      </object_component>
      <object_component id="oc-b1">
         <name>.debug_pubtypes</name>
         <load_address>0x1ff</load_address>
         <run_address>0x1ff</run_address>
         <size>0x32</size>
         <input_file_ref idref="fl-134"/>
      </object_component>
      <object_component id="oc-b6">
         <name>.debug_pubtypes</name>
         <load_address>0x231</load_address>
         <run_address>0x231</run_address>
         <size>0x50</size>
         <input_file_ref idref="fl-134"/>
      </object_component>
      <object_component id="oc-d6">
         <name>.debug_pubtypes</name>
         <load_address>0x281</load_address>
         <run_address>0x281</run_address>
         <size>0x23</size>
         <input_file_ref idref="fl-135"/>
      </object_component>
   </object_component_list>
   <logical_group_list>
      <logical_group id="lg-4" display="no" color="cyan">
         <name>.intvecs</name>
         <load_address>0x0</load_address>
         <run_address>0x0</run_address>
         <size>0x144</size>
         <contents>
            <object_component_ref idref="oc-10"/>
         </contents>
      </logical_group>
      <logical_group id="lg-5" display="no" color="cyan">
         <name>.text</name>
         <load_address>0x144</load_address>
         <run_address>0x144</run_address>
         <size>0x430</size>
         <contents>
            <object_component_ref idref="oc-34"/>
            <object_component_ref idref="oc-2b"/>
            <object_component_ref idref="oc-99"/>
            <object_component_ref idref="oc-4d"/>
            <object_component_ref idref="oc-5f"/>
            <object_component_ref idref="oc-40"/>
            <object_component_ref idref="oc-25"/>
            <object_component_ref idref="oc-91"/>
            <object_component_ref idref="oc-6b"/>
            <object_component_ref idref="oc-65"/>
            <object_component_ref idref="oc-c5"/>
            <object_component_ref idref="oc-13"/>
            <object_component_ref idref="oc-19"/>
            <object_component_ref idref="oc-59"/>
         </contents>
      </logical_group>
      <logical_group id="lg-6" display="no" color="cyan">
         <name>.const</name>
         <run_address>0x0</run_address>
         <size>0x0</size>
         <contents>
         </contents>
      </logical_group>
      <logical_group id="lg-7" display="no" color="cyan">
         <name>.cinit</name>
         <load_address>0x578</load_address>
         <run_address>0x578</run_address>
         <size>0x24</size>
         <contents>
            <object_component_ref idref="oc-102"/>
            <object_component_ref idref="oc-100"/>
            <object_component_ref idref="oc-101"/>
         </contents>
      </logical_group>
      <logical_group id="lg-8" display="no" color="cyan">
         <name>.pinit</name>
         <run_address>0x0</run_address>
         <size>0x0</size>
         <contents>
         </contents>
      </logical_group>
      <logical_group id="lg-9" display="no" color="cyan">
         <name>.flashMailbox</name>
         <run_address>0x0</run_address>
         <size>0x0</size>
         <contents>
         </contents>
      </logical_group>
      <logical_group id="lg-a" display="no" color="cyan">
         <name>.vtable</name>
         <run_address>0x0</run_address>
         <size>0x0</size>
         <contents>
         </contents>
      </logical_group>
      <logical_group id="lg-d" display="no" color="cyan">
         <name>.sysmem</name>
         <run_address>0x0</run_address>
         <size>0x0</size>
         <contents>
         </contents>
      </logical_group>
      <logical_group id="lg-e" display="no" color="cyan">
         <name>.stack</name>
         <run_address>0x2000fe00</run_address>
         <size>0x200</size>
         <contents>
            <object_component_ref idref="oc-2a"/>
            <object_component_ref idref="oc-103"/>
         </contents>
      </logical_group>
      <logical_group id="lg-e0" display="no" color="cyan">
         <name>.TI.noinit</name>
         <run_address>0x0</run_address>
         <size>0x0</size>
         <contents>
         </contents>
      </logical_group>
      <logical_group id="lg-c" display="no" color="cyan">
         <name>.bss</name>
         <run_address>0x0</run_address>
         <size>0x0</size>
         <contents>
         </contents>
      </logical_group>
      <logical_group id="lg-df" display="no" color="cyan">
         <name>BSS_GROUP</name>
         <run_address>0x0</run_address>
         <size>0x0</size>
         <contents>
            <logical_group_ref idref="lg-e0"/>
            <logical_group_ref idref="lg-c"/>
         </contents>
      </logical_group>
      <logical_group id="lg-e2" display="no" color="cyan">
         <name>.TI.persistent</name>
         <run_address>0x20000000</run_address>
         <size>0x0</size>
         <contents>
         </contents>
      </logical_group>
      <logical_group id="lg-b" display="no" color="cyan">
         <name>.data</name>
         <run_address>0x20000000</run_address>
         <size>0x18</size>
         <contents>
            <object_component_ref idref="oc-ba"/>
            <object_component_ref idref="oc-a4"/>
            <object_component_ref idref="oc-71"/>
            <object_component_ref idref="oc-a1"/>
         </contents>
      </logical_group>
      <logical_group id="lg-e1" display="no" color="cyan">
         <name>DATA_GROUP</name>
         <load_address>0x20000000</load_address>
         <run_address>0x20000000</run_address>
         <size>0x18</size>
         <contents>
            <logical_group_ref idref="lg-e2"/>
            <logical_group_ref idref="lg-b"/>
         </contents>
      </logical_group>
      <logical_group id="lg-f0" display="never" color="cyan">
         <name>.debug_info</name>
         <load_address>0x0</load_address>
         <run_address>0x0</run_address>
         <size>0x4194</size>
         <contents>
            <object_component_ref idref="oc-bb"/>
            <object_component_ref idref="oc-9a"/>
            <object_component_ref idref="oc-78"/>
            <object_component_ref idref="oc-33"/>
            <object_component_ref idref="oc-11"/>
            <object_component_ref idref="oc-2c"/>
            <object_component_ref idref="oc-26"/>
            <object_component_ref idref="oc-3f"/>
            <object_component_ref idref="oc-16"/>
            <object_component_ref idref="oc-3a"/>
            <object_component_ref idref="oc-7e"/>
            <object_component_ref idref="oc-47"/>
            <object_component_ref idref="oc-42"/>
            <object_component_ref idref="oc-1c"/>
            <object_component_ref idref="oc-48"/>
            <object_component_ref idref="oc-88"/>
            <object_component_ref idref="oc-a8"/>
            <object_component_ref idref="oc-a5"/>
            <object_component_ref idref="oc-6e"/>
            <object_component_ref idref="oc-36"/>
            <object_component_ref idref="oc-4f"/>
            <object_component_ref idref="oc-5a"/>
            <object_component_ref idref="oc-72"/>
            <object_component_ref idref="oc-cd"/>
            <object_component_ref idref="oc-a2"/>
            <object_component_ref idref="oc-c6"/>
            <object_component_ref idref="oc-a0"/>
            <object_component_ref idref="oc-66"/>
            <object_component_ref idref="oc-c0"/>
            <object_component_ref idref="oc-98"/>
            <object_component_ref idref="oc-61"/>
            <object_component_ref idref="oc-b0"/>
            <object_component_ref idref="oc-b5"/>
            <object_component_ref idref="oc-ad"/>
            <object_component_ref idref="oc-92"/>
            <object_component_ref idref="oc-d5"/>
            <object_component_ref idref="oc-104"/>
         </contents>
      </logical_group>
      <logical_group id="lg-f2" display="never" color="cyan">
         <name>.debug_line</name>
         <load_address>0x0</load_address>
         <run_address>0x0</run_address>
         <size>0x126f</size>
         <contents>
            <object_component_ref idref="oc-db"/>
            <object_component_ref idref="oc-9d"/>
            <object_component_ref idref="oc-7b"/>
            <object_component_ref idref="oc-77"/>
            <object_component_ref idref="oc-32"/>
            <object_component_ref idref="oc-2f"/>
            <object_component_ref idref="oc-29"/>
            <object_component_ref idref="oc-84"/>
            <object_component_ref idref="oc-14"/>
            <object_component_ref idref="oc-3d"/>
            <object_component_ref idref="oc-81"/>
            <object_component_ref idref="oc-87"/>
            <object_component_ref idref="oc-44"/>
            <object_component_ref idref="oc-1e"/>
            <object_component_ref idref="oc-4b"/>
            <object_component_ref idref="oc-8b"/>
            <object_component_ref idref="oc-d2"/>
            <object_component_ref idref="oc-d0"/>
            <object_component_ref idref="oc-6d"/>
            <object_component_ref idref="oc-35"/>
            <object_component_ref idref="oc-51"/>
            <object_component_ref idref="oc-5d"/>
            <object_component_ref idref="oc-ab"/>
            <object_component_ref idref="oc-de"/>
            <object_component_ref idref="oc-cc"/>
            <object_component_ref idref="oc-c9"/>
            <object_component_ref idref="oc-bf"/>
            <object_component_ref idref="oc-69"/>
            <object_component_ref idref="oc-c3"/>
            <object_component_ref idref="oc-af"/>
            <object_component_ref idref="oc-60"/>
            <object_component_ref idref="oc-b3"/>
            <object_component_ref idref="oc-b8"/>
            <object_component_ref idref="oc-d4"/>
            <object_component_ref idref="oc-95"/>
            <object_component_ref idref="oc-d8"/>
         </contents>
      </logical_group>
      <logical_group id="lg-f4" display="never" color="cyan">
         <name>.debug_frame</name>
         <load_address>0x0</load_address>
         <run_address>0x0</run_address>
         <size>0x97c</size>
         <contents>
            <object_component_ref idref="oc-9e"/>
            <object_component_ref idref="oc-30"/>
            <object_component_ref idref="oc-15"/>
            <object_component_ref idref="oc-45"/>
            <object_component_ref idref="oc-1a"/>
            <object_component_ref idref="oc-6c"/>
            <object_component_ref idref="oc-5e"/>
            <object_component_ref idref="oc-ca"/>
            <object_component_ref idref="oc-6a"/>
            <object_component_ref idref="oc-64"/>
            <object_component_ref idref="oc-96"/>
         </contents>
      </logical_group>
      <logical_group id="lg-f6" display="never" color="cyan">
         <name>.debug_abbrev</name>
         <load_address>0x0</load_address>
         <run_address>0x0</run_address>
         <size>0xc34</size>
         <contents>
            <object_component_ref idref="oc-da"/>
            <object_component_ref idref="oc-bd"/>
            <object_component_ref idref="oc-7a"/>
            <object_component_ref idref="oc-76"/>
            <object_component_ref idref="oc-31"/>
            <object_component_ref idref="oc-75"/>
            <object_component_ref idref="oc-74"/>
            <object_component_ref idref="oc-83"/>
            <object_component_ref idref="oc-39"/>
            <object_component_ref idref="oc-3c"/>
            <object_component_ref idref="oc-80"/>
            <object_component_ref idref="oc-86"/>
            <object_component_ref idref="oc-85"/>
            <object_component_ref idref="oc-46"/>
            <object_component_ref idref="oc-4a"/>
            <object_component_ref idref="oc-8a"/>
            <object_component_ref idref="oc-d1"/>
            <object_component_ref idref="oc-cf"/>
            <object_component_ref idref="oc-a7"/>
            <object_component_ref idref="oc-7d"/>
            <object_component_ref idref="oc-8d"/>
            <object_component_ref idref="oc-90"/>
            <object_component_ref idref="oc-aa"/>
            <object_component_ref idref="oc-dd"/>
            <object_component_ref idref="oc-cb"/>
            <object_component_ref idref="oc-dc"/>
            <object_component_ref idref="oc-be"/>
            <object_component_ref idref="oc-9f"/>
            <object_component_ref idref="oc-c2"/>
            <object_component_ref idref="oc-ae"/>
            <object_component_ref idref="oc-97"/>
            <object_component_ref idref="oc-b2"/>
            <object_component_ref idref="oc-b7"/>
            <object_component_ref idref="oc-d3"/>
            <object_component_ref idref="oc-ac"/>
            <object_component_ref idref="oc-d7"/>
            <object_component_ref idref="oc-105"/>
         </contents>
      </logical_group>
      <logical_group id="lg-f8" display="never" color="cyan">
         <name>.debug_str</name>
         <load_address>0x0</load_address>
         <run_address>0x0</run_address>
         <size>0xa55</size>
         <contents>
            <object_component_ref idref="oc-7c"/>
            <object_component_ref idref="oc-3e"/>
            <object_component_ref idref="oc-82"/>
            <object_component_ref idref="oc-4c"/>
            <object_component_ref idref="oc-8c"/>
            <object_component_ref idref="oc-c4"/>
            <object_component_ref idref="oc-b4"/>
            <object_component_ref idref="oc-b9"/>
            <object_component_ref idref="oc-d9"/>
         </contents>
      </logical_group>
      <logical_group id="lg-fa" display="never" color="cyan">
         <name>.debug_aranges</name>
         <load_address>0x0</load_address>
         <run_address>0x0</run_address>
         <size>0x390</size>
         <contents>
            <object_component_ref idref="oc-9b"/>
            <object_component_ref idref="oc-2d"/>
            <object_component_ref idref="oc-28"/>
            <object_component_ref idref="oc-17"/>
            <object_component_ref idref="oc-41"/>
            <object_component_ref idref="oc-1b"/>
            <object_component_ref idref="oc-6f"/>
            <object_component_ref idref="oc-37"/>
            <object_component_ref idref="oc-4e"/>
            <object_component_ref idref="oc-5b"/>
            <object_component_ref idref="oc-c7"/>
            <object_component_ref idref="oc-67"/>
            <object_component_ref idref="oc-62"/>
            <object_component_ref idref="oc-93"/>
         </contents>
      </logical_group>
      <logical_group id="lg-fc" display="never" color="cyan">
         <name>.debug_pubnames</name>
         <load_address>0x0</load_address>
         <run_address>0x0</run_address>
         <size>0x751</size>
         <contents>
            <object_component_ref idref="oc-bc"/>
            <object_component_ref idref="oc-9c"/>
            <object_component_ref idref="oc-12"/>
            <object_component_ref idref="oc-2e"/>
            <object_component_ref idref="oc-27"/>
            <object_component_ref idref="oc-18"/>
            <object_component_ref idref="oc-43"/>
            <object_component_ref idref="oc-1d"/>
            <object_component_ref idref="oc-a6"/>
            <object_component_ref idref="oc-70"/>
            <object_component_ref idref="oc-38"/>
            <object_component_ref idref="oc-50"/>
            <object_component_ref idref="oc-5c"/>
            <object_component_ref idref="oc-73"/>
            <object_component_ref idref="oc-a3"/>
            <object_component_ref idref="oc-c8"/>
            <object_component_ref idref="oc-68"/>
            <object_component_ref idref="oc-63"/>
            <object_component_ref idref="oc-94"/>
         </contents>
      </logical_group>
      <logical_group id="lg-fe" display="never" color="cyan">
         <name>.debug_pubtypes</name>
         <load_address>0x0</load_address>
         <run_address>0x0</run_address>
         <size>0x2a4</size>
         <contents>
            <object_component_ref idref="oc-79"/>
            <object_component_ref idref="oc-3b"/>
            <object_component_ref idref="oc-7f"/>
            <object_component_ref idref="oc-49"/>
            <object_component_ref idref="oc-89"/>
            <object_component_ref idref="oc-a9"/>
            <object_component_ref idref="oc-ce"/>
            <object_component_ref idref="oc-c1"/>
            <object_component_ref idref="oc-b1"/>
            <object_component_ref idref="oc-b6"/>
            <object_component_ref idref="oc-d6"/>
         </contents>
      </logical_group>
      <load_segment id="lg-109" display="no" color="cyan">
         <name>SEGMENT_0</name>
         <load_address>0x0</load_address>
         <run_address>0x0</run_address>
         <size>0x59c</size>
         <flags>0x5</flags>
         <contents>
            <logical_group_ref idref="lg-4"/>
            <logical_group_ref idref="lg-5"/>
            <logical_group_ref idref="lg-7"/>
         </contents>
      </load_segment>
      <load_segment id="lg-10a" display="no" color="cyan">
         <name>SEGMENT_1</name>
         <run_address>0x20000000</run_address>
         <size>0x18</size>
         <flags>0x6</flags>
         <contents>
            <logical_group_ref idref="lg-b"/>
         </contents>
      </load_segment>
      <load_segment id="lg-10b" display="no" color="cyan">
         <name>SEGMENT_2</name>
         <run_address>0x2000fe00</run_address>
         <size>0x200</size>
         <flags>0x6</flags>
         <contents>
            <logical_group_ref idref="lg-e"/>
         </contents>
      </load_segment>
   </logical_group_list>
   <placement_map>
      <memory_area display="yes" color="green">
         <name>MAIN</name>
         <page_id>0x0</page_id>
         <origin>0x0</origin>
         <length>0x40000</length>
         <used_space>0x598</used_space>
         <unused_space>0x3fa68</unused_space>
         <attributes>RX</attributes>
         <usage_details>
            <allocated_space>
               <start_address>0x0</start_address>
               <size>0x144</size>
               <logical_group_ref idref="lg-4"/>
            </allocated_space>
            <allocated_space>
               <start_address>0x144</start_address>
               <size>0x430</size>
               <logical_group_ref idref="lg-5"/>
            </allocated_space>
            <available_space>
               <start_address>0x574</start_address>
               <size>0x4</size>
            </available_space>
            <allocated_space>
               <start_address>0x578</start_address>
               <size>0x24</size>
               <logical_group_ref idref="lg-7"/>
            </allocated_space>
            <available_space>
               <start_address>0x59c</start_address>
               <size>0x3fa64</size>
            </available_space>
         </usage_details>
      </memory_area>
      <memory_area display="yes" color="green">
         <name>INFO</name>
         <page_id>0x0</page_id>
         <origin>0x200000</origin>
         <length>0x4000</length>
         <used_space>0x0</used_space>
         <unused_space>0x4000</unused_space>
         <attributes>RX</attributes>
         <usage_details>
         </usage_details>
      </memory_area>
      <memory_area display="yes" color="green">
         <name>SRAM_CODE</name>
         <page_id>0x0</page_id>
         <origin>0x1000000</origin>
         <length>0x10000</length>
         <used_space>0x0</used_space>
         <unused_space>0x10000</unused_space>
         <attributes>RWX</attributes>
         <usage_details>
         </usage_details>
      </memory_area>
      <memory_area display="yes" color="green">
         <name>SRAM_DATA</name>
         <page_id>0x0</page_id>
         <origin>0x20000000</origin>
         <length>0x10000</length>
         <used_space>0x218</used_space>
         <unused_space>0xfde8</unused_space>
         <attributes>RW</attributes>
         <usage_details>
            <allocated_space>
               <start_address>0x20000000</start_address>
               <size>0x18</size>
               <logical_group_ref idref="lg-e1"/>
            </allocated_space>
            <available_space>
               <start_address>0x20000018</start_address>
               <size>0xfde8</size>
            </available_space>
            <allocated_space>
               <start_address>0x2000fe00</start_address>
               <size>0x200</size>
               <logical_group_ref idref="lg-e"/>
            </allocated_space>
         </usage_details>
      </memory_area>
   </placement_map>
   <cptbl_list>
      <cptbl>
         <name>__TI_cinit_table</name>
         <cprec>
            <name>.data</name>
            <load_address>0x578</load_address>
            <load_size>0x14</load_size>
            <run_address>0x20000000</run_address>
            <run_size>0x18</run_size>
            <compression>rle</compression>
         </cprec>
      </cptbl>
   </cptbl_list>
   <handler_table>
      <handler_table_name>__TI_handler_table</handler_table_name>
      <handler>
         <index>0x0</index>
         <name>__TI_decompress_rle24</name>
      </handler>
      <handler>
         <index>0x1</index>
         <name>__TI_decompress_none</name>
      </handler>
   </handler_table>
   <symbol_table>
      <symbol id="sm-1">
         <name>WDTCTL_SYM</name>
         <value>0x4000480c</value>
      </symbol>
      <symbol id="sm-2">
         <name>__TI_CINIT_Base</name>
         <value>0x594</value>
      </symbol>
      <symbol id="sm-3">
         <name>__TI_CINIT_Limit</name>
         <value>0x59c</value>
      </symbol>
      <symbol id="sm-4">
         <name>__TI_Handler_Table_Base</name>
         <value>0x58c</value>
      </symbol>
      <symbol id="sm-5">
         <name>__TI_Handler_Table_Limit</name>
         <value>0x594</value>
      </symbol>
      <symbol id="sm-6">
         <name>binit</name>
         <value>0xffffffff</value>
      </symbol>
      <symbol id="sm-7">
         <name>__binit__</name>
         <value>0xffffffff</value>
      </symbol>
      <symbol id="sm-8">
         <name>__STACK_SIZE</name>
         <value>0x200</value>
      </symbol>
      <symbol id="sm-9">
         <name>__STACK_END</name>
         <value>0x20010000</value>
      </symbol>
      <symbol id="sm-a">
         <name>__c_args__</name>
         <value>0xffffffff</value>
      </symbol>
      <symbol id="sm-3e">
         <name>clk</name>
         <value>0x20000010</value>
         <object_component_ref idref="oc-ba"/>
      </symbol>
      <symbol id="sm-3f">
         <name>main</name>
         <value>0x27d</value>
         <object_component_ref idref="oc-99"/>
      </symbol>
      <symbol id="sm-bf">
         <name>T32_INT2_IRQHandler</name>
         <value>0x239</value>
         <object_component_ref idref="oc-2b"/>
      </symbol>
      <symbol id="sm-c0">
         <name>PendSV_Handler</name>
         <value>0x201</value>
         <object_component_ref idref="oc-2b"/>
      </symbol>
      <symbol id="sm-c1">
         <name>SysTick_Handler</name>
         <value>0x203</value>
         <object_component_ref idref="oc-2b"/>
      </symbol>
      <symbol id="sm-c2">
         <name>EUSCIA3_IRQHandler</name>
         <value>0x22b</value>
         <object_component_ref idref="oc-2b"/>
      </symbol>
      <symbol id="sm-c3">
         <name>SVC_Handler</name>
         <value>0x1fd</value>
         <object_component_ref idref="oc-2b"/>
      </symbol>
      <symbol id="sm-c4">
         <name>EUSCIB1_IRQHandler</name>
         <value>0x22f</value>
         <object_component_ref idref="oc-2b"/>
      </symbol>
      <symbol id="sm-c5">
         <name>PORT4_IRQHandler</name>
         <value>0x251</value>
         <object_component_ref idref="oc-2b"/>
      </symbol>
      <symbol id="sm-c6">
         <name>AES256_IRQHandler</name>
         <value>0x23d</value>
         <object_component_ref idref="oc-2b"/>
      </symbol>
      <symbol id="sm-c7">
         <name>FPU_IRQHandler</name>
         <value>0x20d</value>
         <object_component_ref idref="oc-2b"/>
      </symbol>
      <symbol id="sm-c8">
         <name>EUSCIB2_IRQHandler</name>
         <value>0x231</value>
         <object_component_ref idref="oc-2b"/>
      </symbol>
      <symbol id="sm-c9">
         <name>PORT1_IRQHandler</name>
         <value>0x24b</value>
         <object_component_ref idref="oc-2b"/>
      </symbol>
      <symbol id="sm-ca">
         <name>RTC_C_IRQHandler</name>
         <value>0x23f</value>
         <object_component_ref idref="oc-2b"/>
      </symbol>
      <symbol id="sm-cb">
         <name>TA2_0_IRQHandler</name>
         <value>0x21d</value>
         <object_component_ref idref="oc-2b"/>
      </symbol>
      <symbol id="sm-cc">
         <name>TA3_N_IRQHandler</name>
         <value>0x223</value>
         <object_component_ref idref="oc-2b"/>
      </symbol>
      <symbol id="sm-cd">
         <name>DMA_INT3_IRQHandler</name>
         <value>0x243</value>
         <object_component_ref idref="oc-2b"/>
      </symbol>
      <symbol id="sm-ce">
         <name>PORT2_IRQHandler</name>
         <value>0x24d</value>
         <object_component_ref idref="oc-2b"/>
      </symbol>
      <symbol id="sm-cf">
         <name>StartCritical</name>
         <value>0x263</value>
         <object_component_ref idref="oc-2b"/>
      </symbol>
      <symbol id="sm-d0">
         <name>TA0_0_IRQHandler</name>
         <value>0x215</value>
         <object_component_ref idref="oc-2b"/>
      </symbol>
      <symbol id="sm-d1">
         <name>PSS_IRQHandler</name>
         <value>0x205</value>
         <object_component_ref idref="oc-2b"/>
      </symbol>
      <symbol id="sm-d2">
         <name>TA1_N_IRQHandler</name>
         <value>0x21b</value>
         <object_component_ref idref="oc-2b"/>
      </symbol>
      <symbol id="sm-d3">
         <name>EUSCIA1_IRQHandler</name>
         <value>0x227</value>
         <object_component_ref idref="oc-2b"/>
      </symbol>
      <symbol id="sm-d4">
         <name>EUSCIA2_IRQHandler</name>
         <value>0x229</value>
         <object_component_ref idref="oc-2b"/>
      </symbol>
      <symbol id="sm-d5">
         <name>COMP_E0_IRQHandler</name>
         <value>0x211</value>
         <object_component_ref idref="oc-2b"/>
      </symbol>
      <symbol id="sm-d6">
         <name>WDT_A_IRQHandler</name>
         <value>0x20b</value>
         <object_component_ref idref="oc-2b"/>
      </symbol>
      <symbol id="sm-d7">
         <name>EUSCIB0_IRQHandler</name>
         <value>0x22d</value>
         <object_component_ref idref="oc-2b"/>
      </symbol>
      <symbol id="sm-d8">
         <name>FLCTL_IRQHandler</name>
         <value>0x20f</value>
         <object_component_ref idref="oc-2b"/>
      </symbol>
      <symbol id="sm-d9">
         <name>EndCritical</name>
         <value>0x26d</value>
         <object_component_ref idref="oc-2b"/>
      </symbol>
      <symbol id="sm-da">
         <name>DMA_INT1_IRQHandler</name>
         <value>0x247</value>
         <object_component_ref idref="oc-2b"/>
      </symbol>
      <symbol id="sm-db">
         <name>PCM_IRQHandler</name>
         <value>0x209</value>
         <object_component_ref idref="oc-2b"/>
      </symbol>
      <symbol id="sm-dc">
         <name>ADC14_IRQHandler</name>
         <value>0x235</value>
         <object_component_ref idref="oc-2b"/>
      </symbol>
      <symbol id="sm-dd">
         <name>T32_INTC_IRQHandler</name>
         <value>0x23b</value>
         <object_component_ref idref="oc-2b"/>
      </symbol>
      <symbol id="sm-de">
         <name>DMA_INT2_IRQHandler</name>
         <value>0x245</value>
         <object_component_ref idref="oc-2b"/>
      </symbol>
      <symbol id="sm-df">
         <name>TA3_0_IRQHandler</name>
         <value>0x221</value>
         <object_component_ref idref="oc-2b"/>
      </symbol>
      <symbol id="sm-e0">
         <name>EUSCIA0_IRQHandler</name>
         <value>0x225</value>
         <object_component_ref idref="oc-2b"/>
      </symbol>
      <symbol id="sm-e1">
         <name>DMA_ERR_IRQHandler</name>
         <value>0x241</value>
         <object_component_ref idref="oc-2b"/>
      </symbol>
      <symbol id="sm-e2">
         <name>DisableInterrupts</name>
         <value>0x257</value>
         <object_component_ref idref="oc-2b"/>
      </symbol>
      <symbol id="sm-e3">
         <name>PORT5_IRQHandler</name>
         <value>0x253</value>
         <object_component_ref idref="oc-2b"/>
      </symbol>
      <symbol id="sm-e4">
         <name>TA1_0_IRQHandler</name>
         <value>0x219</value>
         <object_component_ref idref="oc-2b"/>
      </symbol>
      <symbol id="sm-e5">
         <name>TA2_N_IRQHandler</name>
         <value>0x21f</value>
         <object_component_ref idref="oc-2b"/>
      </symbol>
      <symbol id="sm-e6">
         <name>COMP_E1_IRQHandler</name>
         <value>0x213</value>
         <object_component_ref idref="oc-2b"/>
      </symbol>
      <symbol id="sm-e7">
         <name>EUSCIB3_IRQHandler</name>
         <value>0x233</value>
         <object_component_ref idref="oc-2b"/>
      </symbol>
      <symbol id="sm-e8">
         <name>WaitForInterrupt</name>
         <value>0x275</value>
         <object_component_ref idref="oc-2b"/>
      </symbol>
      <symbol id="sm-e9">
         <name>interruptVectors</name>
         <value>0x0</value>
         <object_component_ref idref="oc-10"/>
      </symbol>
      <symbol id="sm-ea">
         <name>EnableInterrupts</name>
         <value>0x25d</value>
         <object_component_ref idref="oc-2b"/>
      </symbol>
      <symbol id="sm-eb">
         <name>PORT6_IRQHandler</name>
         <value>0x255</value>
         <object_component_ref idref="oc-2b"/>
      </symbol>
      <symbol id="sm-ec">
         <name>TA0_N_IRQHandler</name>
         <value>0x217</value>
         <object_component_ref idref="oc-2b"/>
      </symbol>
      <symbol id="sm-ed">
         <name>T32_INT1_IRQHandler</name>
         <value>0x237</value>
         <object_component_ref idref="oc-2b"/>
      </symbol>
      <symbol id="sm-ee">
         <name>DebugMon_Handler</name>
         <value>0x1ff</value>
         <object_component_ref idref="oc-2b"/>
      </symbol>
      <symbol id="sm-ef">
         <name>DMA_INT0_IRQHandler</name>
         <value>0x249</value>
         <object_component_ref idref="oc-2b"/>
      </symbol>
      <symbol id="sm-f0">
         <name>PORT3_IRQHandler</name>
         <value>0x24f</value>
         <object_component_ref idref="oc-2b"/>
      </symbol>
      <symbol id="sm-f1">
         <name>CS_IRQHandler</name>
         <value>0x207</value>
         <object_component_ref idref="oc-2b"/>
      </symbol>
      <symbol id="sm-103">
         <name>_c_int00</name>
         <value>0x451</value>
         <object_component_ref idref="oc-25"/>
      </symbol>
      <symbol id="sm-104">
         <name>__stack</name>
         <value>0x2000fe00</value>
         <object_component_ref idref="oc-2a"/>
      </symbol>
      <symbol id="sm-11b">
         <name>__TI_decompress_none</name>
         <value>0x55d</value>
         <object_component_ref idref="oc-13"/>
      </symbol>
      <symbol id="sm-143">
         <name>__TI_decompress_rle24</name>
         <value>0x56b</value>
         <object_component_ref idref="oc-19"/>
      </symbol>
      <symbol id="sm-163">
         <name>C$$EXIT</name>
         <value>0x4ed</value>
         <object_component_ref idref="oc-6b"/>
      </symbol>
      <symbol id="sm-164">
         <name>abort</name>
         <value>0x4f1</value>
         <object_component_ref idref="oc-6b"/>
      </symbol>
      <symbol id="sm-165">
         <name>exit</name>
         <value>0x4f9</value>
         <object_component_ref idref="oc-6b"/>
      </symbol>
      <symbol id="sm-166">
         <name>__TI_dtors_ptr</name>
         <value>0x2000000c</value>
         <object_component_ref idref="oc-a4"/>
      </symbol>
      <symbol id="sm-167">
         <name>__TI_cleanup_ptr</name>
         <value>0x20000008</value>
         <object_component_ref idref="oc-a4"/>
      </symbol>
      <symbol id="sm-182">
         <name>memcpy</name>
         <value>0x145</value>
         <object_component_ref idref="oc-34"/>
      </symbol>
      <symbol id="sm-183">
         <name>__aeabi_memcpy</name>
         <value>0x145</value>
         <object_component_ref idref="oc-34"/>
      </symbol>
      <symbol id="sm-184">
         <name>__aeabi_memcpy8</name>
         <value>0x145</value>
         <object_component_ref idref="oc-34"/>
      </symbol>
      <symbol id="sm-185">
         <name>__aeabi_memcpy4</name>
         <value>0x145</value>
         <object_component_ref idref="oc-34"/>
      </symbol>
      <symbol id="sm-194">
         <name>__aeabi_memset</name>
         <value>0x2ff</value>
         <object_component_ref idref="oc-4d"/>
      </symbol>
      <symbol id="sm-195">
         <name>memset</name>
         <value>0x305</value>
         <object_component_ref idref="oc-4d"/>
      </symbol>
      <symbol id="sm-196">
         <name>__aeabi_memset8</name>
         <value>0x2ff</value>
         <object_component_ref idref="oc-4d"/>
      </symbol>
      <symbol id="sm-197">
         <name>__aeabi_memset4</name>
         <value>0x2ff</value>
         <object_component_ref idref="oc-4d"/>
      </symbol>
      <symbol id="sm-198">
         <name>__aeabi_memclr8</name>
         <value>0x2fd</value>
         <object_component_ref idref="oc-4d"/>
      </symbol>
      <symbol id="sm-199">
         <name>__aeabi_memclr4</name>
         <value>0x2fd</value>
         <object_component_ref idref="oc-4d"/>
      </symbol>
      <symbol id="sm-19a">
         <name>__aeabi_memclr</name>
         <value>0x2fd</value>
         <object_component_ref idref="oc-4d"/>
      </symbol>
      <symbol id="sm-1a4">
         <name>_system_pre_init</name>
         <value>0x571</value>
         <object_component_ref idref="oc-59"/>
      </symbol>
      <symbol id="sm-1ac">
         <name>main_func_sp</name>
         <value>0x20000014</value>
         <object_component_ref idref="oc-71"/>
      </symbol>
      <symbol id="sm-1c5">
         <name>_nop</name>
         <value>0x557</value>
         <object_component_ref idref="oc-c5"/>
      </symbol>
      <symbol id="sm-1c6">
         <name>_lock</name>
         <value>0x20000000</value>
         <object_component_ref idref="oc-a1"/>
      </symbol>
      <symbol id="sm-1c7">
         <name>_unlock</name>
         <value>0x20000004</value>
         <object_component_ref idref="oc-a1"/>
      </symbol>
      <symbol id="sm-1c8">
         <name>_register_lock</name>
         <value>0x54f</value>
         <object_component_ref idref="oc-c5"/>
      </symbol>
      <symbol id="sm-1c9">
         <name>_register_unlock</name>
         <value>0x549</value>
         <object_component_ref idref="oc-c5"/>
      </symbol>
      <symbol id="sm-1de">
         <name>_args_main</name>
         <value>0x531</value>
         <object_component_ref idref="oc-65"/>
      </symbol>
      <symbol id="sm-204">
         <name>__TI_auto_init</name>
         <value>0x379</value>
         <object_component_ref idref="oc-5f"/>
      </symbol>
      <symbol id="sm-21e">
         <name>copy_in</name>
         <value>0x4a1</value>
         <object_component_ref idref="oc-91"/>
      </symbol>
      <symbol id="sm-21f">
         <name>__TI_static_base__</name>
         <value>0x0</value>
      </symbol>
      <symbol id="sm-222">
         <name>SHT$$INIT_ARRAY$$Limit</name>
         <value>0x0</value>
      </symbol>
      <symbol id="sm-223">
         <name>SHT$$INIT_ARRAY$$Base</name>
         <value>0x0</value>
      </symbol>
   </symbol_table>
   <title>Link successful</title>
</link_info>
