<?xml version="1.0"?>
<link_info>
   <banner>TI ARM Linker PC v5.2.7</banner>
   <copyright>Copyright (c) 1996-2015 Texas Instruments Incorporated</copyright>
   <link_time>0x57bf4db0</link_time>
   <link_errors>0x0</link_errors>
   <output_file>GPIO_MSP432.out</output_file>
   <entry_point>
      <name>_c_int00</name>
      <address>0x445</address>
   </entry_point>
   <input_file_list>
      <input_file id="fl-2">
         <path>.\</path>
         <kind>object</kind>
         <file>SysTick.obj</file>
         <name>SysTick.obj</name>
      </input_file>
      <input_file id="fl-3">
         <path>.\</path>
         <kind>object</kind>
         <file>main.obj</file>
         <name>main.obj</name>
      </input_file>
      <input_file id="fl-4">
         <path>.\</path>
         <kind>object</kind>
         <file>msp432_startup_ccs.obj</file>
         <name>msp432_startup_ccs.obj</name>
      </input_file>
      <input_file id="fl-12a">
         <path>C:\ti\ccsv6\tools\compiler\ti-cgt-arm_5.2.7\lib\</path>
         <kind>archive</kind>
         <file>rtsv7M4_T_le_v4SPD16_eabi.lib</file>
         <name>boot.obj</name>
      </input_file>
      <input_file id="fl-12b">
         <path>C:\ti\ccsv6\tools\compiler\ti-cgt-arm_5.2.7\lib\</path>
         <kind>archive</kind>
         <file>rtsv7M4_T_le_v4SPD16_eabi.lib</file>
         <name>copy_decompress_none.obj</name>
      </input_file>
      <input_file id="fl-12c">
         <path>C:\ti\ccsv6\tools\compiler\ti-cgt-arm_5.2.7\lib\</path>
         <kind>archive</kind>
         <file>rtsv7M4_T_le_v4SPD16_eabi.lib</file>
         <name>copy_decompress_rle.obj</name>
      </input_file>
      <input_file id="fl-12d">
         <path>C:\ti\ccsv6\tools\compiler\ti-cgt-arm_5.2.7\lib\</path>
         <kind>archive</kind>
         <file>rtsv7M4_T_le_v4SPD16_eabi.lib</file>
         <name>copy_zero_init.obj</name>
      </input_file>
      <input_file id="fl-12e">
         <path>C:\ti\ccsv6\tools\compiler\ti-cgt-arm_5.2.7\lib\</path>
         <kind>archive</kind>
         <file>rtsv7M4_T_le_v4SPD16_eabi.lib</file>
         <name>exit.obj</name>
      </input_file>
      <input_file id="fl-12f">
         <path>C:\ti\ccsv6\tools\compiler\ti-cgt-arm_5.2.7\lib\</path>
         <kind>archive</kind>
         <file>rtsv7M4_T_le_v4SPD16_eabi.lib</file>
         <name>memcpy_t2.obj</name>
      </input_file>
      <input_file id="fl-130">
         <path>C:\ti\ccsv6\tools\compiler\ti-cgt-arm_5.2.7\lib\</path>
         <kind>archive</kind>
         <file>rtsv7M4_T_le_v4SPD16_eabi.lib</file>
         <name>memset_t2.obj</name>
      </input_file>
      <input_file id="fl-131">
         <path>C:\ti\ccsv6\tools\compiler\ti-cgt-arm_5.2.7\lib\</path>
         <kind>archive</kind>
         <file>rtsv7M4_T_le_v4SPD16_eabi.lib</file>
         <name>pre_init.obj</name>
      </input_file>
      <input_file id="fl-132">
         <path>C:\ti\ccsv6\tools\compiler\ti-cgt-arm_5.2.7\lib\</path>
         <kind>archive</kind>
         <file>rtsv7M4_T_le_v4SPD16_eabi.lib</file>
         <name>stkdepth_vars.obj</name>
      </input_file>
      <input_file id="fl-133">
         <path>C:\ti\ccsv6\tools\compiler\ti-cgt-arm_5.2.7\lib\</path>
         <kind>archive</kind>
         <file>rtsv7M4_T_le_v4SPD16_eabi.lib</file>
         <name>_lock.obj</name>
      </input_file>
      <input_file id="fl-134">
         <path>C:\ti\ccsv6\tools\compiler\ti-cgt-arm_5.2.7\lib\</path>
         <kind>archive</kind>
         <file>rtsv7M4_T_le_v4SPD16_eabi.lib</file>
         <name>args_main.obj</name>
      </input_file>
      <input_file id="fl-135">
         <path>C:\ti\ccsv6\tools\compiler\ti-cgt-arm_5.2.7\lib\</path>
         <kind>archive</kind>
         <file>rtsv7M4_T_le_v4SPD16_eabi.lib</file>
         <name>autoinit.obj</name>
      </input_file>
      <input_file id="fl-136">
         <path>C:\ti\ccsv6\tools\compiler\ti-cgt-arm_5.2.7\lib\</path>
         <kind>archive</kind>
         <file>rtsv7M4_T_le_v4SPD16_eabi.lib</file>
         <name>cpy_tbl.obj</name>
      </input_file>
   </input_file_list>
   <object_component_list>
      <object_component id="oc-10">
         <name>.intvecs</name>
         <load_address>0x0</load_address>
         <run_address>0x0</run_address>
         <size>0x144</size>
         <input_file_ref idref="fl-4"/>
      </object_component>
      <object_component id="oc-34">
         <name>.text</name>
         <load_address>0x144</load_address>
         <run_address>0x144</run_address>
         <size>0x9c</size>
         <input_file_ref idref="fl-12f"/>
      </object_component>
      <object_component id="oc-2b">
         <name>.text</name>
         <load_address>0x1e0</load_address>
         <run_address>0x1e0</run_address>
         <size>0x9a</size>
         <input_file_ref idref="fl-4"/>
      </object_component>
      <object_component id="oc-4d">
         <name>.text</name>
         <load_address>0x27a</load_address>
         <run_address>0x27a</run_address>
         <size>0x7a</size>
         <input_file_ref idref="fl-130"/>
      </object_component>
      <object_component id="oc-ba">
         <name>.text</name>
         <load_address>0x2f4</load_address>
         <run_address>0x2f4</run_address>
         <size>0x78</size>
         <input_file_ref idref="fl-2"/>
      </object_component>
      <object_component id="oc-5f">
         <name>.text</name>
         <load_address>0x36c</load_address>
         <run_address>0x36c</run_address>
         <size>0x6c</size>
         <input_file_ref idref="fl-135"/>
      </object_component>
      <object_component id="oc-40">
         <name>.text</name>
         <load_address>0x3d8</load_address>
         <run_address>0x3d8</run_address>
         <size>0x6a</size>
         <input_file_ref idref="fl-12c"/>
      </object_component>
      <object_component id="oc-25">
         <name>.text</name>
         <load_address>0x444</load_address>
         <run_address>0x444</run_address>
         <size>0x50</size>
         <input_file_ref idref="fl-12a"/>
      </object_component>
      <object_component id="oc-99">
         <name>.text</name>
         <load_address>0x494</load_address>
         <run_address>0x494</run_address>
         <size>0x4c</size>
         <input_file_ref idref="fl-3"/>
      </object_component>
      <object_component id="oc-91">
         <name>.text</name>
         <load_address>0x4e0</load_address>
         <run_address>0x4e0</run_address>
         <size>0x4c</size>
         <input_file_ref idref="fl-136"/>
      </object_component>
      <object_component id="oc-6b">
         <name>.text</name>
         <load_address>0x52c</load_address>
         <run_address>0x52c</run_address>
         <size>0x44</size>
         <input_file_ref idref="fl-12e"/>
      </object_component>
      <object_component id="oc-65">
         <name>.text</name>
         <load_address>0x570</load_address>
         <run_address>0x570</run_address>
         <size>0x18</size>
         <input_file_ref idref="fl-134"/>
      </object_component>
      <object_component id="oc-cb">
         <name>.text</name>
         <load_address>0x588</load_address>
         <run_address>0x588</run_address>
         <size>0x14</size>
         <input_file_ref idref="fl-133"/>
      </object_component>
      <object_component id="oc-13">
         <name>.text:decompress:none</name>
         <load_address>0x59c</load_address>
         <run_address>0x59c</run_address>
         <size>0xe</size>
         <input_file_ref idref="fl-12b"/>
      </object_component>
      <object_component id="oc-19">
         <name>.text:decompress:rle24</name>
         <load_address>0x5aa</load_address>
         <run_address>0x5aa</run_address>
         <size>0x6</size>
         <input_file_ref idref="fl-12c"/>
      </object_component>
      <object_component id="oc-59">
         <name>.text</name>
         <load_address>0x5b0</load_address>
         <run_address>0x5b0</run_address>
         <size>0x4</size>
         <input_file_ref idref="fl-131"/>
      </object_component>
      <object_component id="oc-10e">
         <name>.cinit..data.load</name>
         <load_address>0x5b8</load_address>
         <run_address>0x5b8</run_address>
         <size>0x15</size>
      </object_component>
      <object_component id="oc-10c">
         <name>__TI_handler_table</name>
         <load_address>0x5d0</load_address>
         <run_address>0x5d0</run_address>
         <size>0x8</size>
      </object_component>
      <object_component id="oc-10d">
         <name>__TI_cinit_table</name>
         <load_address>0x5d8</load_address>
         <run_address>0x5d8</run_address>
         <size>0x8</size>
      </object_component>
      <object_component id="oc-2a">
         <name>.stack</name>
         <uninitialized>true</uninitialized>
         <run_address>0x2000fe00</run_address>
         <size>0x0</size>
         <input_file_ref idref="fl-12a"/>
      </object_component>
      <object_component id="oc-10f">
         <name>.stack</name>
         <uninitialized>true</uninitialized>
         <run_address>0x2000fe00</run_address>
         <size>0x0</size>
      </object_component>
      <object_component id="oc-c0">
         <name>.data</name>
         <load_address>0x20000010</load_address>
         <run_address>0x20000010</run_address>
         <size>0x4</size>
         <input_file_ref idref="fl-3"/>
      </object_component>
      <object_component id="oc-a4">
         <name>.data</name>
         <load_address>0x20000008</load_address>
         <run_address>0x20000008</run_address>
         <size>0x8</size>
         <input_file_ref idref="fl-12e"/>
      </object_component>
      <object_component id="oc-71">
         <name>.data</name>
         <load_address>0x20000014</load_address>
         <run_address>0x20000014</run_address>
         <size>0x4</size>
         <input_file_ref idref="fl-132"/>
      </object_component>
      <object_component id="oc-a1">
         <name>.data</name>
         <load_address>0x20000000</load_address>
         <run_address>0x20000000</run_address>
         <size>0x8</size>
         <input_file_ref idref="fl-133"/>
      </object_component>
      <object_component id="oc-bb">
         <name>.debug_info</name>
         <load_address>0x0</load_address>
         <run_address>0x0</run_address>
         <size>0x21b</size>
         <input_file_ref idref="fl-2"/>
      </object_component>
      <object_component id="oc-78">
         <name>.debug_info</name>
         <load_address>0x21b</load_address>
         <run_address>0x21b</run_address>
         <size>0x84</size>
         <input_file_ref idref="fl-2"/>
      </object_component>
      <object_component id="oc-e1">
         <name>.debug_info</name>
         <load_address>0x29f</load_address>
         <run_address>0x29f</run_address>
         <size>0x18b</size>
         <input_file_ref idref="fl-2"/>
      </object_component>
      <object_component id="oc-c1">
         <name>.debug_info</name>
         <load_address>0x42a</load_address>
         <run_address>0x42a</run_address>
         <size>0xbf</size>
         <input_file_ref idref="fl-3"/>
      </object_component>
      <object_component id="oc-9a">
         <name>.debug_info</name>
         <load_address>0x4e9</load_address>
         <run_address>0x4e9</run_address>
         <size>0x10f</size>
         <input_file_ref idref="fl-3"/>
      </object_component>
      <object_component id="oc-33">
         <name>.debug_info</name>
         <load_address>0x5f8</load_address>
         <run_address>0x5f8</run_address>
         <size>0xfa</size>
         <input_file_ref idref="fl-4"/>
      </object_component>
      <object_component id="oc-11">
         <name>.debug_info</name>
         <load_address>0x6f2</load_address>
         <run_address>0x6f2</run_address>
         <size>0xe7</size>
         <input_file_ref idref="fl-4"/>
      </object_component>
      <object_component id="oc-2c">
         <name>.debug_info</name>
         <load_address>0x7d9</load_address>
         <run_address>0x7d9</run_address>
         <size>0x1693</size>
         <input_file_ref idref="fl-4"/>
      </object_component>
      <object_component id="oc-28">
         <name>.debug_info</name>
         <load_address>0x1e6c</load_address>
         <run_address>0x1e6c</run_address>
         <size>0x169</size>
         <input_file_ref idref="fl-12a"/>
      </object_component>
      <object_component id="oc-3f">
         <name>.debug_info</name>
         <load_address>0x1fd5</load_address>
         <run_address>0x1fd5</run_address>
         <size>0x156</size>
         <input_file_ref idref="fl-12b"/>
      </object_component>
      <object_component id="oc-17">
         <name>.debug_info</name>
         <load_address>0x212b</load_address>
         <run_address>0x212b</run_address>
         <size>0x1f5</size>
         <input_file_ref idref="fl-12b"/>
      </object_component>
      <object_component id="oc-3a">
         <name>.debug_info</name>
         <load_address>0x2320</load_address>
         <run_address>0x2320</run_address>
         <size>0x46</size>
         <input_file_ref idref="fl-12b"/>
      </object_component>
      <object_component id="oc-7e">
         <name>.debug_info</name>
         <load_address>0x2366</load_address>
         <run_address>0x2366</run_address>
         <size>0x2c</size>
         <input_file_ref idref="fl-12b"/>
      </object_component>
      <object_component id="oc-47">
         <name>.debug_info</name>
         <load_address>0x2392</load_address>
         <run_address>0x2392</run_address>
         <size>0x14a</size>
         <input_file_ref idref="fl-12c"/>
      </object_component>
      <object_component id="oc-41">
         <name>.debug_info</name>
         <load_address>0x24dc</load_address>
         <run_address>0x24dc</run_address>
         <size>0x25d</size>
         <input_file_ref idref="fl-12c"/>
      </object_component>
      <object_component id="oc-1a">
         <name>.debug_info</name>
         <load_address>0x2739</load_address>
         <run_address>0x2739</run_address>
         <size>0x1c7</size>
         <input_file_ref idref="fl-12c"/>
      </object_component>
      <object_component id="oc-48">
         <name>.debug_info</name>
         <load_address>0x2900</load_address>
         <run_address>0x2900</run_address>
         <size>0x39</size>
         <input_file_ref idref="fl-12c"/>
      </object_component>
      <object_component id="oc-88">
         <name>.debug_info</name>
         <load_address>0x2939</load_address>
         <run_address>0x2939</run_address>
         <size>0x2c</size>
         <input_file_ref idref="fl-12c"/>
      </object_component>
      <object_component id="oc-a8">
         <name>.debug_info</name>
         <load_address>0x2965</load_address>
         <run_address>0x2965</run_address>
         <size>0x1a7</size>
         <input_file_ref idref="fl-12e"/>
      </object_component>
      <object_component id="oc-a5">
         <name>.debug_info</name>
         <load_address>0x2b0c</load_address>
         <run_address>0x2b0c</run_address>
         <size>0x14c</size>
         <input_file_ref idref="fl-12e"/>
      </object_component>
      <object_component id="oc-6e">
         <name>.debug_info</name>
         <load_address>0x2c58</load_address>
         <run_address>0x2c58</run_address>
         <size>0x223</size>
         <input_file_ref idref="fl-12e"/>
      </object_component>
      <object_component id="oc-35">
         <name>.debug_info</name>
         <load_address>0x2e7b</load_address>
         <run_address>0x2e7b</run_address>
         <size>0x12b</size>
         <input_file_ref idref="fl-12f"/>
      </object_component>
      <object_component id="oc-4e">
         <name>.debug_info</name>
         <load_address>0x2fa6</load_address>
         <run_address>0x2fa6</run_address>
         <size>0x159</size>
         <input_file_ref idref="fl-130"/>
      </object_component>
      <object_component id="oc-5a">
         <name>.debug_info</name>
         <load_address>0x30ff</load_address>
         <run_address>0x30ff</run_address>
         <size>0x15e</size>
         <input_file_ref idref="fl-131"/>
      </object_component>
      <object_component id="oc-72">
         <name>.debug_info</name>
         <load_address>0x325d</load_address>
         <run_address>0x325d</run_address>
         <size>0x11f</size>
         <input_file_ref idref="fl-132"/>
      </object_component>
      <object_component id="oc-d3">
         <name>.debug_info</name>
         <load_address>0x337c</load_address>
         <run_address>0x337c</run_address>
         <size>0x13a</size>
         <input_file_ref idref="fl-133"/>
      </object_component>
      <object_component id="oc-a2">
         <name>.debug_info</name>
         <load_address>0x34b6</load_address>
         <run_address>0x34b6</run_address>
         <size>0x129</size>
         <input_file_ref idref="fl-133"/>
      </object_component>
      <object_component id="oc-cc">
         <name>.debug_info</name>
         <load_address>0x35df</load_address>
         <run_address>0x35df</run_address>
         <size>0x235</size>
         <input_file_ref idref="fl-133"/>
      </object_component>
      <object_component id="oc-a0">
         <name>.debug_info</name>
         <load_address>0x3814</load_address>
         <run_address>0x3814</run_address>
         <size>0x17c</size>
         <input_file_ref idref="fl-134"/>
      </object_component>
      <object_component id="oc-66">
         <name>.debug_info</name>
         <load_address>0x3990</load_address>
         <run_address>0x3990</run_address>
         <size>0x17d</size>
         <input_file_ref idref="fl-134"/>
      </object_component>
      <object_component id="oc-c6">
         <name>.debug_info</name>
         <load_address>0x3b0d</load_address>
         <run_address>0x3b0d</run_address>
         <size>0x5e</size>
         <input_file_ref idref="fl-134"/>
      </object_component>
      <object_component id="oc-98">
         <name>.debug_info</name>
         <load_address>0x3b6b</load_address>
         <run_address>0x3b6b</run_address>
         <size>0x2d3</size>
         <input_file_ref idref="fl-135"/>
      </object_component>
      <object_component id="oc-60">
         <name>.debug_info</name>
         <load_address>0x3e3e</load_address>
         <run_address>0x3e3e</run_address>
         <size>0x18d</size>
         <input_file_ref idref="fl-135"/>
      </object_component>
      <object_component id="oc-b0">
         <name>.debug_info</name>
         <load_address>0x3fcb</load_address>
         <run_address>0x3fcb</run_address>
         <size>0x39</size>
         <input_file_ref idref="fl-135"/>
      </object_component>
      <object_component id="oc-b5">
         <name>.debug_info</name>
         <load_address>0x4004</load_address>
         <run_address>0x4004</run_address>
         <size>0xcd</size>
         <input_file_ref idref="fl-135"/>
      </object_component>
      <object_component id="oc-ad">
         <name>.debug_info</name>
         <load_address>0x40d1</load_address>
         <run_address>0x40d1</run_address>
         <size>0x1f6</size>
         <input_file_ref idref="fl-136"/>
      </object_component>
      <object_component id="oc-92">
         <name>.debug_info</name>
         <load_address>0x42c7</load_address>
         <run_address>0x42c7</run_address>
         <size>0x199</size>
         <input_file_ref idref="fl-136"/>
      </object_component>
      <object_component id="oc-db">
         <name>.debug_info</name>
         <load_address>0x4460</load_address>
         <run_address>0x4460</run_address>
         <size>0x2c</size>
         <input_file_ref idref="fl-136"/>
      </object_component>
      <object_component id="oc-110">
         <name>.debug_info</name>
         <load_address>0x448c</load_address>
         <run_address>0x448c</run_address>
         <size>0x9f</size>
      </object_component>
      <object_component id="oc-be">
         <name>.debug_line</name>
         <load_address>0x0</load_address>
         <run_address>0x0</run_address>
         <size>0x92</size>
         <input_file_ref idref="fl-2"/>
      </object_component>
      <object_component id="oc-7b">
         <name>.debug_line</name>
         <load_address>0x92</load_address>
         <run_address>0x92</run_address>
         <size>0x20</size>
         <input_file_ref idref="fl-2"/>
      </object_component>
      <object_component id="oc-e4">
         <name>.debug_line</name>
         <load_address>0xb2</load_address>
         <run_address>0xb2</run_address>
         <size>0x60</size>
         <input_file_ref idref="fl-2"/>
      </object_component>
      <object_component id="oc-e7">
         <name>.debug_line</name>
         <load_address>0x112</load_address>
         <run_address>0x112</run_address>
         <size>0x2d</size>
         <input_file_ref idref="fl-3"/>
      </object_component>
      <object_component id="oc-9d">
         <name>.debug_line</name>
         <load_address>0x13f</load_address>
         <run_address>0x13f</run_address>
         <size>0x4c</size>
         <input_file_ref idref="fl-3"/>
      </object_component>
      <object_component id="oc-77">
         <name>.debug_line</name>
         <load_address>0x18b</load_address>
         <run_address>0x18b</run_address>
         <size>0x3b</size>
         <input_file_ref idref="fl-4"/>
      </object_component>
      <object_component id="oc-32">
         <name>.debug_line</name>
         <load_address>0x1c6</load_address>
         <run_address>0x1c6</run_address>
         <size>0x3b</size>
         <input_file_ref idref="fl-4"/>
      </object_component>
      <object_component id="oc-2f">
         <name>.debug_line</name>
         <load_address>0x201</load_address>
         <run_address>0x201</run_address>
         <size>0x55a</size>
         <input_file_ref idref="fl-4"/>
      </object_component>
      <object_component id="oc-26">
         <name>.debug_line</name>
         <load_address>0x75b</load_address>
         <run_address>0x75b</run_address>
         <size>0x52</size>
         <input_file_ref idref="fl-12a"/>
      </object_component>
      <object_component id="oc-84">
         <name>.debug_line</name>
         <load_address>0x7ad</load_address>
         <run_address>0x7ad</run_address>
         <size>0xa5</size>
         <input_file_ref idref="fl-12b"/>
      </object_component>
      <object_component id="oc-16">
         <name>.debug_line</name>
         <load_address>0x852</load_address>
         <run_address>0x852</run_address>
         <size>0x55</size>
         <input_file_ref idref="fl-12b"/>
      </object_component>
      <object_component id="oc-3d">
         <name>.debug_line</name>
         <load_address>0x8a7</load_address>
         <run_address>0x8a7</run_address>
         <size>0x3a</size>
         <input_file_ref idref="fl-12b"/>
      </object_component>
      <object_component id="oc-81">
         <name>.debug_line</name>
         <load_address>0x8e1</load_address>
         <run_address>0x8e1</run_address>
         <size>0xa5</size>
         <input_file_ref idref="fl-12b"/>
      </object_component>
      <object_component id="oc-87">
         <name>.debug_line</name>
         <load_address>0x986</load_address>
         <run_address>0x986</run_address>
         <size>0xa5</size>
         <input_file_ref idref="fl-12c"/>
      </object_component>
      <object_component id="oc-44">
         <name>.debug_line</name>
         <load_address>0xa2b</load_address>
         <run_address>0xa2b</run_address>
         <size>0x98</size>
         <input_file_ref idref="fl-12c"/>
      </object_component>
      <object_component id="oc-1d">
         <name>.debug_line</name>
         <load_address>0xac3</load_address>
         <run_address>0xac3</run_address>
         <size>0x4b</size>
         <input_file_ref idref="fl-12c"/>
      </object_component>
      <object_component id="oc-4b">
         <name>.debug_line</name>
         <load_address>0xb0e</load_address>
         <run_address>0xb0e</run_address>
         <size>0x39</size>
         <input_file_ref idref="fl-12c"/>
      </object_component>
      <object_component id="oc-8b">
         <name>.debug_line</name>
         <load_address>0xb47</load_address>
         <run_address>0xb47</run_address>
         <size>0xa5</size>
         <input_file_ref idref="fl-12c"/>
      </object_component>
      <object_component id="oc-d8">
         <name>.debug_line</name>
         <load_address>0xbec</load_address>
         <run_address>0xbec</run_address>
         <size>0xa4</size>
         <input_file_ref idref="fl-12e"/>
      </object_component>
      <object_component id="oc-d6">
         <name>.debug_line</name>
         <load_address>0xc90</load_address>
         <run_address>0xc90</run_address>
         <size>0x2a</size>
         <input_file_ref idref="fl-12e"/>
      </object_component>
      <object_component id="oc-6d">
         <name>.debug_line</name>
         <load_address>0xcba</load_address>
         <run_address>0xcba</run_address>
         <size>0x7a</size>
         <input_file_ref idref="fl-12e"/>
      </object_component>
      <object_component id="oc-38">
         <name>.debug_line</name>
         <load_address>0xd34</load_address>
         <run_address>0xd34</run_address>
         <size>0x88</size>
         <input_file_ref idref="fl-12f"/>
      </object_component>
      <object_component id="oc-51">
         <name>.debug_line</name>
         <load_address>0xdbc</load_address>
         <run_address>0xdbc</run_address>
         <size>0x79</size>
         <input_file_ref idref="fl-130"/>
      </object_component>
      <object_component id="oc-5d">
         <name>.debug_line</name>
         <load_address>0xe35</load_address>
         <run_address>0xe35</run_address>
         <size>0x40</size>
         <input_file_ref idref="fl-131"/>
      </object_component>
      <object_component id="oc-ab">
         <name>.debug_line</name>
         <load_address>0xe75</load_address>
         <run_address>0xe75</run_address>
         <size>0x33</size>
         <input_file_ref idref="fl-132"/>
      </object_component>
      <object_component id="oc-ea">
         <name>.debug_line</name>
         <load_address>0xea8</load_address>
         <run_address>0xea8</run_address>
         <size>0x20</size>
         <input_file_ref idref="fl-133"/>
      </object_component>
      <object_component id="oc-d2">
         <name>.debug_line</name>
         <load_address>0xec8</load_address>
         <run_address>0xec8</run_address>
         <size>0x2b</size>
         <input_file_ref idref="fl-133"/>
      </object_component>
      <object_component id="oc-cf">
         <name>.debug_line</name>
         <load_address>0xef3</load_address>
         <run_address>0xef3</run_address>
         <size>0x68</size>
         <input_file_ref idref="fl-133"/>
      </object_component>
      <object_component id="oc-c5">
         <name>.debug_line</name>
         <load_address>0xf5b</load_address>
         <run_address>0xf5b</run_address>
         <size>0x2b</size>
         <input_file_ref idref="fl-134"/>
      </object_component>
      <object_component id="oc-69">
         <name>.debug_line</name>
         <load_address>0xf86</load_address>
         <run_address>0xf86</run_address>
         <size>0x50</size>
         <input_file_ref idref="fl-134"/>
      </object_component>
      <object_component id="oc-c9">
         <name>.debug_line</name>
         <load_address>0xfd6</load_address>
         <run_address>0xfd6</run_address>
         <size>0x2b</size>
         <input_file_ref idref="fl-134"/>
      </object_component>
      <object_component id="oc-af">
         <name>.debug_line</name>
         <load_address>0x1001</load_address>
         <run_address>0x1001</run_address>
         <size>0xb4</size>
         <input_file_ref idref="fl-135"/>
      </object_component>
      <object_component id="oc-63">
         <name>.debug_line</name>
         <load_address>0x10b5</load_address>
         <run_address>0x10b5</run_address>
         <size>0x79</size>
         <input_file_ref idref="fl-135"/>
      </object_component>
      <object_component id="oc-b3">
         <name>.debug_line</name>
         <load_address>0x112e</load_address>
         <run_address>0x112e</run_address>
         <size>0x2e</size>
         <input_file_ref idref="fl-135"/>
      </object_component>
      <object_component id="oc-b8">
         <name>.debug_line</name>
         <load_address>0x115c</load_address>
         <run_address>0x115c</run_address>
         <size>0xa6</size>
         <input_file_ref idref="fl-135"/>
      </object_component>
      <object_component id="oc-da">
         <name>.debug_line</name>
         <load_address>0x1202</load_address>
         <run_address>0x1202</run_address>
         <size>0xb3</size>
         <input_file_ref idref="fl-136"/>
      </object_component>
      <object_component id="oc-95">
         <name>.debug_line</name>
         <load_address>0x12b5</load_address>
         <run_address>0x12b5</run_address>
         <size>0x68</size>
         <input_file_ref idref="fl-136"/>
      </object_component>
      <object_component id="oc-de">
         <name>.debug_line</name>
         <load_address>0x131d</load_address>
         <run_address>0x131d</run_address>
         <size>0x2e</size>
         <input_file_ref idref="fl-136"/>
      </object_component>
      <object_component id="oc-bf">
         <name>.debug_frame</name>
         <load_address>0x0</load_address>
         <run_address>0x0</run_address>
         <size>0xb2</size>
         <input_file_ref idref="fl-2"/>
      </object_component>
      <object_component id="oc-9e">
         <name>.debug_frame</name>
         <load_address>0xb2</load_address>
         <run_address>0xb2</run_address>
         <size>0x86</size>
         <input_file_ref idref="fl-3"/>
      </object_component>
      <object_component id="oc-30">
         <name>.debug_frame</name>
         <load_address>0x138</load_address>
         <run_address>0x138</run_address>
         <size>0x404</size>
         <input_file_ref idref="fl-4"/>
      </object_component>
      <object_component id="oc-14">
         <name>.debug_frame</name>
         <load_address>0x53c</load_address>
         <run_address>0x53c</run_address>
         <size>0x7f</size>
         <input_file_ref idref="fl-12b"/>
      </object_component>
      <object_component id="oc-45">
         <name>.debug_frame</name>
         <load_address>0x5bb</load_address>
         <run_address>0x5bb</run_address>
         <size>0x8e</size>
         <input_file_ref idref="fl-12c"/>
      </object_component>
      <object_component id="oc-1e">
         <name>.debug_frame</name>
         <load_address>0x649</load_address>
         <run_address>0x649</run_address>
         <size>0x7f</size>
         <input_file_ref idref="fl-12c"/>
      </object_component>
      <object_component id="oc-6c">
         <name>.debug_frame</name>
         <load_address>0x6c8</load_address>
         <run_address>0x6c8</run_address>
         <size>0xb3</size>
         <input_file_ref idref="fl-12e"/>
      </object_component>
      <object_component id="oc-5e">
         <name>.debug_frame</name>
         <load_address>0x77b</load_address>
         <run_address>0x77b</run_address>
         <size>0x7f</size>
         <input_file_ref idref="fl-131"/>
      </object_component>
      <object_component id="oc-d0">
         <name>.debug_frame</name>
         <load_address>0x7fa</load_address>
         <run_address>0x7fa</run_address>
         <size>0xa1</size>
         <input_file_ref idref="fl-133"/>
      </object_component>
      <object_component id="oc-6a">
         <name>.debug_frame</name>
         <load_address>0x89b</load_address>
         <run_address>0x89b</run_address>
         <size>0x7f</size>
         <input_file_ref idref="fl-134"/>
      </object_component>
      <object_component id="oc-64">
         <name>.debug_frame</name>
         <load_address>0x91a</load_address>
         <run_address>0x91a</run_address>
         <size>0x8a</size>
         <input_file_ref idref="fl-135"/>
      </object_component>
      <object_component id="oc-96">
         <name>.debug_frame</name>
         <load_address>0x9a4</load_address>
         <run_address>0x9a4</run_address>
         <size>0x8e</size>
         <input_file_ref idref="fl-136"/>
      </object_component>
      <object_component id="oc-e0">
         <name>.debug_abbrev</name>
         <load_address>0x0</load_address>
         <run_address>0x0</run_address>
         <size>0x7a</size>
         <input_file_ref idref="fl-2"/>
      </object_component>
      <object_component id="oc-7a">
         <name>.debug_abbrev</name>
         <load_address>0x7a</load_address>
         <run_address>0x7a</run_address>
         <size>0x1f</size>
         <input_file_ref idref="fl-2"/>
      </object_component>
      <object_component id="oc-e3">
         <name>.debug_abbrev</name>
         <load_address>0x99</load_address>
         <run_address>0x99</run_address>
         <size>0x35</size>
         <input_file_ref idref="fl-2"/>
      </object_component>
      <object_component id="oc-e6">
         <name>.debug_abbrev</name>
         <load_address>0xce</load_address>
         <run_address>0xce</run_address>
         <size>0x29</size>
         <input_file_ref idref="fl-3"/>
      </object_component>
      <object_component id="oc-c3">
         <name>.debug_abbrev</name>
         <load_address>0xf7</load_address>
         <run_address>0xf7</run_address>
         <size>0x54</size>
         <input_file_ref idref="fl-3"/>
      </object_component>
      <object_component id="oc-76">
         <name>.debug_abbrev</name>
         <load_address>0x14b</load_address>
         <run_address>0x14b</run_address>
         <size>0x5d</size>
         <input_file_ref idref="fl-4"/>
      </object_component>
      <object_component id="oc-31">
         <name>.debug_abbrev</name>
         <load_address>0x1a8</load_address>
         <run_address>0x1a8</run_address>
         <size>0x29</size>
         <input_file_ref idref="fl-4"/>
      </object_component>
      <object_component id="oc-75">
         <name>.debug_abbrev</name>
         <load_address>0x1d1</load_address>
         <run_address>0x1d1</run_address>
         <size>0xf8</size>
         <input_file_ref idref="fl-4"/>
      </object_component>
      <object_component id="oc-74">
         <name>.debug_abbrev</name>
         <load_address>0x2c9</load_address>
         <run_address>0x2c9</run_address>
         <size>0x3e</size>
         <input_file_ref idref="fl-12a"/>
      </object_component>
      <object_component id="oc-83">
         <name>.debug_abbrev</name>
         <load_address>0x307</load_address>
         <run_address>0x307</run_address>
         <size>0x52</size>
         <input_file_ref idref="fl-12b"/>
      </object_component>
      <object_component id="oc-39">
         <name>.debug_abbrev</name>
         <load_address>0x359</load_address>
         <run_address>0x359</run_address>
         <size>0x74</size>
         <input_file_ref idref="fl-12b"/>
      </object_component>
      <object_component id="oc-3c">
         <name>.debug_abbrev</name>
         <load_address>0x3cd</load_address>
         <run_address>0x3cd</run_address>
         <size>0x24</size>
         <input_file_ref idref="fl-12b"/>
      </object_component>
      <object_component id="oc-80">
         <name>.debug_abbrev</name>
         <load_address>0x3f1</load_address>
         <run_address>0x3f1</run_address>
         <size>0x24</size>
         <input_file_ref idref="fl-12b"/>
      </object_component>
      <object_component id="oc-86">
         <name>.debug_abbrev</name>
         <load_address>0x415</load_address>
         <run_address>0x415</run_address>
         <size>0x52</size>
         <input_file_ref idref="fl-12c"/>
      </object_component>
      <object_component id="oc-85">
         <name>.debug_abbrev</name>
         <load_address>0x467</load_address>
         <run_address>0x467</run_address>
         <size>0x7b</size>
         <input_file_ref idref="fl-12c"/>
      </object_component>
      <object_component id="oc-46">
         <name>.debug_abbrev</name>
         <load_address>0x4e2</load_address>
         <run_address>0x4e2</run_address>
         <size>0x66</size>
         <input_file_ref idref="fl-12c"/>
      </object_component>
      <object_component id="oc-4a">
         <name>.debug_abbrev</name>
         <load_address>0x548</load_address>
         <run_address>0x548</run_address>
         <size>0x24</size>
         <input_file_ref idref="fl-12c"/>
      </object_component>
      <object_component id="oc-8a">
         <name>.debug_abbrev</name>
         <load_address>0x56c</load_address>
         <run_address>0x56c</run_address>
         <size>0x24</size>
         <input_file_ref idref="fl-12c"/>
      </object_component>
      <object_component id="oc-d7">
         <name>.debug_abbrev</name>
         <load_address>0x590</load_address>
         <run_address>0x590</run_address>
         <size>0x6b</size>
         <input_file_ref idref="fl-12e"/>
      </object_component>
      <object_component id="oc-d5">
         <name>.debug_abbrev</name>
         <load_address>0x5fb</load_address>
         <run_address>0x5fb</run_address>
         <size>0x29</size>
         <input_file_ref idref="fl-12e"/>
      </object_component>
      <object_component id="oc-a7">
         <name>.debug_abbrev</name>
         <load_address>0x624</load_address>
         <run_address>0x624</run_address>
         <size>0xba</size>
         <input_file_ref idref="fl-12e"/>
      </object_component>
      <object_component id="oc-7d">
         <name>.debug_abbrev</name>
         <load_address>0x6de</load_address>
         <run_address>0x6de</run_address>
         <size>0x3e</size>
         <input_file_ref idref="fl-12f"/>
      </object_component>
      <object_component id="oc-8d">
         <name>.debug_abbrev</name>
         <load_address>0x71c</load_address>
         <run_address>0x71c</run_address>
         <size>0x4f</size>
         <input_file_ref idref="fl-130"/>
      </object_component>
      <object_component id="oc-90">
         <name>.debug_abbrev</name>
         <load_address>0x76b</load_address>
         <run_address>0x76b</run_address>
         <size>0x55</size>
         <input_file_ref idref="fl-131"/>
      </object_component>
      <object_component id="oc-aa">
         <name>.debug_abbrev</name>
         <load_address>0x7c0</load_address>
         <run_address>0x7c0</run_address>
         <size>0x27</size>
         <input_file_ref idref="fl-132"/>
      </object_component>
      <object_component id="oc-e9">
         <name>.debug_abbrev</name>
         <load_address>0x7e7</load_address>
         <run_address>0x7e7</run_address>
         <size>0x45</size>
         <input_file_ref idref="fl-133"/>
      </object_component>
      <object_component id="oc-d1">
         <name>.debug_abbrev</name>
         <load_address>0x82c</load_address>
         <run_address>0x82c</run_address>
         <size>0x29</size>
         <input_file_ref idref="fl-133"/>
      </object_component>
      <object_component id="oc-e8">
         <name>.debug_abbrev</name>
         <load_address>0x855</load_address>
         <run_address>0x855</run_address>
         <size>0x6f</size>
         <input_file_ref idref="fl-133"/>
      </object_component>
      <object_component id="oc-c4">
         <name>.debug_abbrev</name>
         <load_address>0x8c4</load_address>
         <run_address>0x8c4</run_address>
         <size>0x8e</size>
         <input_file_ref idref="fl-134"/>
      </object_component>
      <object_component id="oc-9f">
         <name>.debug_abbrev</name>
         <load_address>0x952</load_address>
         <run_address>0x952</run_address>
         <size>0x68</size>
         <input_file_ref idref="fl-134"/>
      </object_component>
      <object_component id="oc-c8">
         <name>.debug_abbrev</name>
         <load_address>0x9ba</load_address>
         <run_address>0x9ba</run_address>
         <size>0x49</size>
         <input_file_ref idref="fl-134"/>
      </object_component>
      <object_component id="oc-ae">
         <name>.debug_abbrev</name>
         <load_address>0xa03</load_address>
         <run_address>0xa03</run_address>
         <size>0x9a</size>
         <input_file_ref idref="fl-135"/>
      </object_component>
      <object_component id="oc-97">
         <name>.debug_abbrev</name>
         <load_address>0xa9d</load_address>
         <run_address>0xa9d</run_address>
         <size>0x7e</size>
         <input_file_ref idref="fl-135"/>
      </object_component>
      <object_component id="oc-b2">
         <name>.debug_abbrev</name>
         <load_address>0xb1b</load_address>
         <run_address>0xb1b</run_address>
         <size>0x24</size>
         <input_file_ref idref="fl-135"/>
      </object_component>
      <object_component id="oc-b7">
         <name>.debug_abbrev</name>
         <load_address>0xb3f</load_address>
         <run_address>0xb3f</run_address>
         <size>0x4b</size>
         <input_file_ref idref="fl-135"/>
      </object_component>
      <object_component id="oc-d9">
         <name>.debug_abbrev</name>
         <load_address>0xb8a</load_address>
         <run_address>0xb8a</run_address>
         <size>0x9c</size>
         <input_file_ref idref="fl-136"/>
      </object_component>
      <object_component id="oc-ac">
         <name>.debug_abbrev</name>
         <load_address>0xc26</load_address>
         <run_address>0xc26</run_address>
         <size>0x8c</size>
         <input_file_ref idref="fl-136"/>
      </object_component>
      <object_component id="oc-dd">
         <name>.debug_abbrev</name>
         <load_address>0xcb2</load_address>
         <run_address>0xcb2</run_address>
         <size>0x24</size>
         <input_file_ref idref="fl-136"/>
      </object_component>
      <object_component id="oc-111">
         <name>.debug_abbrev</name>
         <load_address>0xcd6</load_address>
         <run_address>0xcd6</run_address>
         <size>0xf</size>
      </object_component>
      <object_component id="oc-7c">
         <name>.debug_str</name>
         <load_address>0x0</load_address>
         <run_address>0x0</run_address>
         <size>0xf5</size>
         <input_file_ref idref="fl-2"/>
      </object_component>
      <object_component id="oc-e5">
         <name>.debug_str</name>
         <load_address>0xf5</load_address>
         <run_address>0xf5</run_address>
         <size>0x20d</size>
         <input_file_ref idref="fl-2"/>
      </object_component>
      <object_component id="oc-3e">
         <name>.debug_str</name>
         <load_address>0x302</load_address>
         <run_address>0x302</run_address>
         <size>0x116</size>
         <input_file_ref idref="fl-12b"/>
      </object_component>
      <object_component id="oc-82">
         <name>.debug_str</name>
         <load_address>0x418</load_address>
         <run_address>0x418</run_address>
         <size>0x15e</size>
         <input_file_ref idref="fl-12b"/>
      </object_component>
      <object_component id="oc-4c">
         <name>.debug_str</name>
         <load_address>0x576</load_address>
         <run_address>0x576</run_address>
         <size>0x108</size>
         <input_file_ref idref="fl-12c"/>
      </object_component>
      <object_component id="oc-8c">
         <name>.debug_str</name>
         <load_address>0x67e</load_address>
         <run_address>0x67e</run_address>
         <size>0x15e</size>
         <input_file_ref idref="fl-12c"/>
      </object_component>
      <object_component id="oc-ca">
         <name>.debug_str</name>
         <load_address>0x7dc</load_address>
         <run_address>0x7dc</run_address>
         <size>0xec</size>
         <input_file_ref idref="fl-134"/>
      </object_component>
      <object_component id="oc-b4">
         <name>.debug_str</name>
         <load_address>0x8c8</load_address>
         <run_address>0x8c8</run_address>
         <size>0xf8</size>
         <input_file_ref idref="fl-135"/>
      </object_component>
      <object_component id="oc-b9">
         <name>.debug_str</name>
         <load_address>0x9c0</load_address>
         <run_address>0x9c0</run_address>
         <size>0x1b5</size>
         <input_file_ref idref="fl-135"/>
      </object_component>
      <object_component id="oc-df">
         <name>.debug_str</name>
         <load_address>0xb75</load_address>
         <run_address>0xb75</run_address>
         <size>0xed</size>
         <input_file_ref idref="fl-136"/>
      </object_component>
      <object_component id="oc-bc">
         <name>.debug_aranges</name>
         <load_address>0x0</load_address>
         <run_address>0x0</run_address>
         <size>0x30</size>
         <input_file_ref idref="fl-2"/>
      </object_component>
      <object_component id="oc-9b">
         <name>.debug_aranges</name>
         <load_address>0x30</load_address>
         <run_address>0x30</run_address>
         <size>0x20</size>
         <input_file_ref idref="fl-3"/>
      </object_component>
      <object_component id="oc-2d">
         <name>.debug_aranges</name>
         <load_address>0x50</load_address>
         <run_address>0x50</run_address>
         <size>0x1c8</size>
         <input_file_ref idref="fl-4"/>
      </object_component>
      <object_component id="oc-27">
         <name>.debug_aranges</name>
         <load_address>0x218</load_address>
         <run_address>0x218</run_address>
         <size>0x20</size>
         <input_file_ref idref="fl-12a"/>
      </object_component>
      <object_component id="oc-15">
         <name>.debug_aranges</name>
         <load_address>0x238</load_address>
         <run_address>0x238</run_address>
         <size>0x20</size>
         <input_file_ref idref="fl-12b"/>
      </object_component>
      <object_component id="oc-43">
         <name>.debug_aranges</name>
         <load_address>0x258</load_address>
         <run_address>0x258</run_address>
         <size>0x20</size>
         <input_file_ref idref="fl-12c"/>
      </object_component>
      <object_component id="oc-1c">
         <name>.debug_aranges</name>
         <load_address>0x278</load_address>
         <run_address>0x278</run_address>
         <size>0x20</size>
         <input_file_ref idref="fl-12c"/>
      </object_component>
      <object_component id="oc-6f">
         <name>.debug_aranges</name>
         <load_address>0x298</load_address>
         <run_address>0x298</run_address>
         <size>0x30</size>
         <input_file_ref idref="fl-12e"/>
      </object_component>
      <object_component id="oc-36">
         <name>.debug_aranges</name>
         <load_address>0x2c8</load_address>
         <run_address>0x2c8</run_address>
         <size>0x20</size>
         <input_file_ref idref="fl-12f"/>
      </object_component>
      <object_component id="oc-4f">
         <name>.debug_aranges</name>
         <load_address>0x2e8</load_address>
         <run_address>0x2e8</run_address>
         <size>0x28</size>
         <input_file_ref idref="fl-130"/>
      </object_component>
      <object_component id="oc-5b">
         <name>.debug_aranges</name>
         <load_address>0x310</load_address>
         <run_address>0x310</run_address>
         <size>0x20</size>
         <input_file_ref idref="fl-131"/>
      </object_component>
      <object_component id="oc-cd">
         <name>.debug_aranges</name>
         <load_address>0x330</load_address>
         <run_address>0x330</run_address>
         <size>0x30</size>
         <input_file_ref idref="fl-133"/>
      </object_component>
      <object_component id="oc-67">
         <name>.debug_aranges</name>
         <load_address>0x360</load_address>
         <run_address>0x360</run_address>
         <size>0x20</size>
         <input_file_ref idref="fl-134"/>
      </object_component>
      <object_component id="oc-61">
         <name>.debug_aranges</name>
         <load_address>0x380</load_address>
         <run_address>0x380</run_address>
         <size>0x20</size>
         <input_file_ref idref="fl-135"/>
      </object_component>
      <object_component id="oc-93">
         <name>.debug_aranges</name>
         <load_address>0x3a0</load_address>
         <run_address>0x3a0</run_address>
         <size>0x20</size>
         <input_file_ref idref="fl-136"/>
      </object_component>
      <object_component id="oc-bd">
         <name>.debug_pubnames</name>
         <load_address>0x0</load_address>
         <run_address>0x0</run_address>
         <size>0x49</size>
         <input_file_ref idref="fl-2"/>
      </object_component>
      <object_component id="oc-c2">
         <name>.debug_pubnames</name>
         <load_address>0x49</load_address>
         <run_address>0x49</run_address>
         <size>0x1a</size>
         <input_file_ref idref="fl-3"/>
      </object_component>
      <object_component id="oc-9c">
         <name>.debug_pubnames</name>
         <load_address>0x63</load_address>
         <run_address>0x63</run_address>
         <size>0x1b</size>
         <input_file_ref idref="fl-3"/>
      </object_component>
      <object_component id="oc-12">
         <name>.debug_pubnames</name>
         <load_address>0x7e</load_address>
         <run_address>0x7e</run_address>
         <size>0x27</size>
         <input_file_ref idref="fl-4"/>
      </object_component>
      <object_component id="oc-2e">
         <name>.debug_pubnames</name>
         <load_address>0xa5</load_address>
         <run_address>0xa5</run_address>
         <size>0x474</size>
         <input_file_ref idref="fl-4"/>
      </object_component>
      <object_component id="oc-29">
         <name>.debug_pubnames</name>
         <load_address>0x519</load_address>
         <run_address>0x519</run_address>
         <size>0x1f</size>
         <input_file_ref idref="fl-12a"/>
      </object_component>
      <object_component id="oc-18">
         <name>.debug_pubnames</name>
         <load_address>0x538</load_address>
         <run_address>0x538</run_address>
         <size>0x2b</size>
         <input_file_ref idref="fl-12b"/>
      </object_component>
      <object_component id="oc-42">
         <name>.debug_pubnames</name>
         <load_address>0x563</load_address>
         <run_address>0x563</run_address>
         <size>0x2f</size>
         <input_file_ref idref="fl-12c"/>
      </object_component>
      <object_component id="oc-1b">
         <name>.debug_pubnames</name>
         <load_address>0x592</load_address>
         <run_address>0x592</run_address>
         <size>0x2c</size>
         <input_file_ref idref="fl-12c"/>
      </object_component>
      <object_component id="oc-a6">
         <name>.debug_pubnames</name>
         <load_address>0x5be</load_address>
         <run_address>0x5be</run_address>
         <size>0x3a</size>
         <input_file_ref idref="fl-12e"/>
      </object_component>
      <object_component id="oc-70">
         <name>.debug_pubnames</name>
         <load_address>0x5f8</load_address>
         <run_address>0x5f8</run_address>
         <size>0x35</size>
         <input_file_ref idref="fl-12e"/>
      </object_component>
      <object_component id="oc-37">
         <name>.debug_pubnames</name>
         <load_address>0x62d</load_address>
         <run_address>0x62d</run_address>
         <size>0x1d</size>
         <input_file_ref idref="fl-12f"/>
      </object_component>
      <object_component id="oc-50">
         <name>.debug_pubnames</name>
         <load_address>0x64a</load_address>
         <run_address>0x64a</run_address>
         <size>0x37</size>
         <input_file_ref idref="fl-130"/>
      </object_component>
      <object_component id="oc-5c">
         <name>.debug_pubnames</name>
         <load_address>0x681</load_address>
         <run_address>0x681</run_address>
         <size>0x27</size>
         <input_file_ref idref="fl-131"/>
      </object_component>
      <object_component id="oc-73">
         <name>.debug_pubnames</name>
         <load_address>0x6a8</load_address>
         <run_address>0x6a8</run_address>
         <size>0x23</size>
         <input_file_ref idref="fl-132"/>
      </object_component>
      <object_component id="oc-a3">
         <name>.debug_pubnames</name>
         <load_address>0x6cb</load_address>
         <run_address>0x6cb</run_address>
         <size>0x28</size>
         <input_file_ref idref="fl-133"/>
      </object_component>
      <object_component id="oc-ce">
         <name>.debug_pubnames</name>
         <load_address>0x6f3</load_address>
         <run_address>0x6f3</run_address>
         <size>0x43</size>
         <input_file_ref idref="fl-133"/>
      </object_component>
      <object_component id="oc-68">
         <name>.debug_pubnames</name>
         <load_address>0x736</load_address>
         <run_address>0x736</run_address>
         <size>0x21</size>
         <input_file_ref idref="fl-134"/>
      </object_component>
      <object_component id="oc-62">
         <name>.debug_pubnames</name>
         <load_address>0x757</load_address>
         <run_address>0x757</run_address>
         <size>0x25</size>
         <input_file_ref idref="fl-135"/>
      </object_component>
      <object_component id="oc-94">
         <name>.debug_pubnames</name>
         <load_address>0x77c</load_address>
         <run_address>0x77c</run_address>
         <size>0x1e</size>
         <input_file_ref idref="fl-136"/>
      </object_component>
      <object_component id="oc-79">
         <name>.debug_pubtypes</name>
         <load_address>0x0</load_address>
         <run_address>0x0</run_address>
         <size>0xed</size>
         <input_file_ref idref="fl-2"/>
      </object_component>
      <object_component id="oc-e2">
         <name>.debug_pubtypes</name>
         <load_address>0xed</load_address>
         <run_address>0xed</run_address>
         <size>0x1c6</size>
         <input_file_ref idref="fl-2"/>
      </object_component>
      <object_component id="oc-3b">
         <name>.debug_pubtypes</name>
         <load_address>0x2b3</load_address>
         <run_address>0x2b3</run_address>
         <size>0x48</size>
         <input_file_ref idref="fl-12b"/>
      </object_component>
      <object_component id="oc-7f">
         <name>.debug_pubtypes</name>
         <load_address>0x2fb</load_address>
         <run_address>0x2fb</run_address>
         <size>0x1d</size>
         <input_file_ref idref="fl-12b"/>
      </object_component>
      <object_component id="oc-49">
         <name>.debug_pubtypes</name>
         <load_address>0x318</load_address>
         <run_address>0x318</run_address>
         <size>0x37</size>
         <input_file_ref idref="fl-12c"/>
      </object_component>
      <object_component id="oc-89">
         <name>.debug_pubtypes</name>
         <load_address>0x34f</load_address>
         <run_address>0x34f</run_address>
         <size>0x1d</size>
         <input_file_ref idref="fl-12c"/>
      </object_component>
      <object_component id="oc-a9">
         <name>.debug_pubtypes</name>
         <load_address>0x36c</load_address>
         <run_address>0x36c</run_address>
         <size>0x1f</size>
         <input_file_ref idref="fl-12e"/>
      </object_component>
      <object_component id="oc-d4">
         <name>.debug_pubtypes</name>
         <load_address>0x38b</load_address>
         <run_address>0x38b</run_address>
         <size>0x1f</size>
         <input_file_ref idref="fl-133"/>
      </object_component>
      <object_component id="oc-c7">
         <name>.debug_pubtypes</name>
         <load_address>0x3aa</load_address>
         <run_address>0x3aa</run_address>
         <size>0x1b</size>
         <input_file_ref idref="fl-134"/>
      </object_component>
      <object_component id="oc-b1">
         <name>.debug_pubtypes</name>
         <load_address>0x3c5</load_address>
         <run_address>0x3c5</run_address>
         <size>0x32</size>
         <input_file_ref idref="fl-135"/>
      </object_component>
      <object_component id="oc-b6">
         <name>.debug_pubtypes</name>
         <load_address>0x3f7</load_address>
         <run_address>0x3f7</run_address>
         <size>0x50</size>
         <input_file_ref idref="fl-135"/>
      </object_component>
      <object_component id="oc-dc">
         <name>.debug_pubtypes</name>
         <load_address>0x447</load_address>
         <run_address>0x447</run_address>
         <size>0x23</size>
         <input_file_ref idref="fl-136"/>
      </object_component>
   </object_component_list>
   <logical_group_list>
      <logical_group id="lg-4" display="no" color="cyan">
         <name>.intvecs</name>
         <load_address>0x0</load_address>
         <run_address>0x0</run_address>
         <size>0x144</size>
         <contents>
            <object_component_ref idref="oc-10"/>
         </contents>
      </logical_group>
      <logical_group id="lg-5" display="no" color="cyan">
         <name>.text</name>
         <load_address>0x144</load_address>
         <run_address>0x144</run_address>
         <size>0x470</size>
         <contents>
            <object_component_ref idref="oc-34"/>
            <object_component_ref idref="oc-2b"/>
            <object_component_ref idref="oc-4d"/>
            <object_component_ref idref="oc-ba"/>
            <object_component_ref idref="oc-5f"/>
            <object_component_ref idref="oc-40"/>
            <object_component_ref idref="oc-25"/>
            <object_component_ref idref="oc-99"/>
            <object_component_ref idref="oc-91"/>
            <object_component_ref idref="oc-6b"/>
            <object_component_ref idref="oc-65"/>
            <object_component_ref idref="oc-cb"/>
            <object_component_ref idref="oc-13"/>
            <object_component_ref idref="oc-19"/>
            <object_component_ref idref="oc-59"/>
         </contents>
      </logical_group>
      <logical_group id="lg-6" display="no" color="cyan">
         <name>.const</name>
         <run_address>0x0</run_address>
         <size>0x0</size>
         <contents>
         </contents>
      </logical_group>
      <logical_group id="lg-7" display="no" color="cyan">
         <name>.cinit</name>
         <load_address>0x5b8</load_address>
         <run_address>0x5b8</run_address>
         <size>0x28</size>
         <contents>
            <object_component_ref idref="oc-10e"/>
            <object_component_ref idref="oc-10c"/>
            <object_component_ref idref="oc-10d"/>
         </contents>
      </logical_group>
      <logical_group id="lg-8" display="no" color="cyan">
         <name>.pinit</name>
         <run_address>0x0</run_address>
         <size>0x0</size>
         <contents>
         </contents>
      </logical_group>
      <logical_group id="lg-9" display="no" color="cyan">
         <name>.flashMailbox</name>
         <run_address>0x0</run_address>
         <size>0x0</size>
         <contents>
         </contents>
      </logical_group>
      <logical_group id="lg-a" display="no" color="cyan">
         <name>.vtable</name>
         <run_address>0x0</run_address>
         <size>0x0</size>
         <contents>
         </contents>
      </logical_group>
      <logical_group id="lg-d" display="no" color="cyan">
         <name>.sysmem</name>
         <run_address>0x0</run_address>
         <size>0x0</size>
         <contents>
         </contents>
      </logical_group>
      <logical_group id="lg-e" display="no" color="cyan">
         <name>.stack</name>
         <run_address>0x2000fe00</run_address>
         <size>0x200</size>
         <contents>
            <object_component_ref idref="oc-2a"/>
            <object_component_ref idref="oc-10f"/>
         </contents>
      </logical_group>
      <logical_group id="lg-ec" display="no" color="cyan">
         <name>.TI.noinit</name>
         <run_address>0x0</run_address>
         <size>0x0</size>
         <contents>
         </contents>
      </logical_group>
      <logical_group id="lg-c" display="no" color="cyan">
         <name>.bss</name>
         <run_address>0x0</run_address>
         <size>0x0</size>
         <contents>
         </contents>
      </logical_group>
      <logical_group id="lg-eb" display="no" color="cyan">
         <name>BSS_GROUP</name>
         <run_address>0x0</run_address>
         <size>0x0</size>
         <contents>
            <logical_group_ref idref="lg-ec"/>
            <logical_group_ref idref="lg-c"/>
         </contents>
      </logical_group>
      <logical_group id="lg-ee" display="no" color="cyan">
         <name>.TI.persistent</name>
         <run_address>0x20000000</run_address>
         <size>0x0</size>
         <contents>
         </contents>
      </logical_group>
      <logical_group id="lg-b" display="no" color="cyan">
         <name>.data</name>
         <run_address>0x20000000</run_address>
         <size>0x18</size>
         <contents>
            <object_component_ref idref="oc-c0"/>
            <object_component_ref idref="oc-a4"/>
            <object_component_ref idref="oc-71"/>
            <object_component_ref idref="oc-a1"/>
         </contents>
      </logical_group>
      <logical_group id="lg-ed" display="no" color="cyan">
         <name>DATA_GROUP</name>
         <load_address>0x20000000</load_address>
         <run_address>0x20000000</run_address>
         <size>0x18</size>
         <contents>
            <logical_group_ref idref="lg-ee"/>
            <logical_group_ref idref="lg-b"/>
         </contents>
      </logical_group>
      <logical_group id="lg-fc" display="never" color="cyan">
         <name>.debug_info</name>
         <load_address>0x0</load_address>
         <run_address>0x0</run_address>
         <size>0x452b</size>
         <contents>
            <object_component_ref idref="oc-bb"/>
            <object_component_ref idref="oc-78"/>
            <object_component_ref idref="oc-e1"/>
            <object_component_ref idref="oc-c1"/>
            <object_component_ref idref="oc-9a"/>
            <object_component_ref idref="oc-33"/>
            <object_component_ref idref="oc-11"/>
            <object_component_ref idref="oc-2c"/>
            <object_component_ref idref="oc-28"/>
            <object_component_ref idref="oc-3f"/>
            <object_component_ref idref="oc-17"/>
            <object_component_ref idref="oc-3a"/>
            <object_component_ref idref="oc-7e"/>
            <object_component_ref idref="oc-47"/>
            <object_component_ref idref="oc-41"/>
            <object_component_ref idref="oc-1a"/>
            <object_component_ref idref="oc-48"/>
            <object_component_ref idref="oc-88"/>
            <object_component_ref idref="oc-a8"/>
            <object_component_ref idref="oc-a5"/>
            <object_component_ref idref="oc-6e"/>
            <object_component_ref idref="oc-35"/>
            <object_component_ref idref="oc-4e"/>
            <object_component_ref idref="oc-5a"/>
            <object_component_ref idref="oc-72"/>
            <object_component_ref idref="oc-d3"/>
            <object_component_ref idref="oc-a2"/>
            <object_component_ref idref="oc-cc"/>
            <object_component_ref idref="oc-a0"/>
            <object_component_ref idref="oc-66"/>
            <object_component_ref idref="oc-c6"/>
            <object_component_ref idref="oc-98"/>
            <object_component_ref idref="oc-60"/>
            <object_component_ref idref="oc-b0"/>
            <object_component_ref idref="oc-b5"/>
            <object_component_ref idref="oc-ad"/>
            <object_component_ref idref="oc-92"/>
            <object_component_ref idref="oc-db"/>
            <object_component_ref idref="oc-110"/>
         </contents>
      </logical_group>
      <logical_group id="lg-fe" display="never" color="cyan">
         <name>.debug_line</name>
         <load_address>0x0</load_address>
         <run_address>0x0</run_address>
         <size>0x134b</size>
         <contents>
            <object_component_ref idref="oc-be"/>
            <object_component_ref idref="oc-7b"/>
            <object_component_ref idref="oc-e4"/>
            <object_component_ref idref="oc-e7"/>
            <object_component_ref idref="oc-9d"/>
            <object_component_ref idref="oc-77"/>
            <object_component_ref idref="oc-32"/>
            <object_component_ref idref="oc-2f"/>
            <object_component_ref idref="oc-26"/>
            <object_component_ref idref="oc-84"/>
            <object_component_ref idref="oc-16"/>
            <object_component_ref idref="oc-3d"/>
            <object_component_ref idref="oc-81"/>
            <object_component_ref idref="oc-87"/>
            <object_component_ref idref="oc-44"/>
            <object_component_ref idref="oc-1d"/>
            <object_component_ref idref="oc-4b"/>
            <object_component_ref idref="oc-8b"/>
            <object_component_ref idref="oc-d8"/>
            <object_component_ref idref="oc-d6"/>
            <object_component_ref idref="oc-6d"/>
            <object_component_ref idref="oc-38"/>
            <object_component_ref idref="oc-51"/>
            <object_component_ref idref="oc-5d"/>
            <object_component_ref idref="oc-ab"/>
            <object_component_ref idref="oc-ea"/>
            <object_component_ref idref="oc-d2"/>
            <object_component_ref idref="oc-cf"/>
            <object_component_ref idref="oc-c5"/>
            <object_component_ref idref="oc-69"/>
            <object_component_ref idref="oc-c9"/>
            <object_component_ref idref="oc-af"/>
            <object_component_ref idref="oc-63"/>
            <object_component_ref idref="oc-b3"/>
            <object_component_ref idref="oc-b8"/>
            <object_component_ref idref="oc-da"/>
            <object_component_ref idref="oc-95"/>
            <object_component_ref idref="oc-de"/>
         </contents>
      </logical_group>
      <logical_group id="lg-100" display="never" color="cyan">
         <name>.debug_frame</name>
         <load_address>0x0</load_address>
         <run_address>0x0</run_address>
         <size>0xa32</size>
         <contents>
            <object_component_ref idref="oc-bf"/>
            <object_component_ref idref="oc-9e"/>
            <object_component_ref idref="oc-30"/>
            <object_component_ref idref="oc-14"/>
            <object_component_ref idref="oc-45"/>
            <object_component_ref idref="oc-1e"/>
            <object_component_ref idref="oc-6c"/>
            <object_component_ref idref="oc-5e"/>
            <object_component_ref idref="oc-d0"/>
            <object_component_ref idref="oc-6a"/>
            <object_component_ref idref="oc-64"/>
            <object_component_ref idref="oc-96"/>
         </contents>
      </logical_group>
      <logical_group id="lg-102" display="never" color="cyan">
         <name>.debug_abbrev</name>
         <load_address>0x0</load_address>
         <run_address>0x0</run_address>
         <size>0xce5</size>
         <contents>
            <object_component_ref idref="oc-e0"/>
            <object_component_ref idref="oc-7a"/>
            <object_component_ref idref="oc-e3"/>
            <object_component_ref idref="oc-e6"/>
            <object_component_ref idref="oc-c3"/>
            <object_component_ref idref="oc-76"/>
            <object_component_ref idref="oc-31"/>
            <object_component_ref idref="oc-75"/>
            <object_component_ref idref="oc-74"/>
            <object_component_ref idref="oc-83"/>
            <object_component_ref idref="oc-39"/>
            <object_component_ref idref="oc-3c"/>
            <object_component_ref idref="oc-80"/>
            <object_component_ref idref="oc-86"/>
            <object_component_ref idref="oc-85"/>
            <object_component_ref idref="oc-46"/>
            <object_component_ref idref="oc-4a"/>
            <object_component_ref idref="oc-8a"/>
            <object_component_ref idref="oc-d7"/>
            <object_component_ref idref="oc-d5"/>
            <object_component_ref idref="oc-a7"/>
            <object_component_ref idref="oc-7d"/>
            <object_component_ref idref="oc-8d"/>
            <object_component_ref idref="oc-90"/>
            <object_component_ref idref="oc-aa"/>
            <object_component_ref idref="oc-e9"/>
            <object_component_ref idref="oc-d1"/>
            <object_component_ref idref="oc-e8"/>
            <object_component_ref idref="oc-c4"/>
            <object_component_ref idref="oc-9f"/>
            <object_component_ref idref="oc-c8"/>
            <object_component_ref idref="oc-ae"/>
            <object_component_ref idref="oc-97"/>
            <object_component_ref idref="oc-b2"/>
            <object_component_ref idref="oc-b7"/>
            <object_component_ref idref="oc-d9"/>
            <object_component_ref idref="oc-ac"/>
            <object_component_ref idref="oc-dd"/>
            <object_component_ref idref="oc-111"/>
         </contents>
      </logical_group>
      <logical_group id="lg-104" display="never" color="cyan">
         <name>.debug_str</name>
         <load_address>0x0</load_address>
         <run_address>0x0</run_address>
         <size>0xc62</size>
         <contents>
            <object_component_ref idref="oc-7c"/>
            <object_component_ref idref="oc-e5"/>
            <object_component_ref idref="oc-3e"/>
            <object_component_ref idref="oc-82"/>
            <object_component_ref idref="oc-4c"/>
            <object_component_ref idref="oc-8c"/>
            <object_component_ref idref="oc-ca"/>
            <object_component_ref idref="oc-b4"/>
            <object_component_ref idref="oc-b9"/>
            <object_component_ref idref="oc-df"/>
         </contents>
      </logical_group>
      <logical_group id="lg-106" display="never" color="cyan">
         <name>.debug_aranges</name>
         <load_address>0x0</load_address>
         <run_address>0x0</run_address>
         <size>0x3c0</size>
         <contents>
            <object_component_ref idref="oc-bc"/>
            <object_component_ref idref="oc-9b"/>
            <object_component_ref idref="oc-2d"/>
            <object_component_ref idref="oc-27"/>
            <object_component_ref idref="oc-15"/>
            <object_component_ref idref="oc-43"/>
            <object_component_ref idref="oc-1c"/>
            <object_component_ref idref="oc-6f"/>
            <object_component_ref idref="oc-36"/>
            <object_component_ref idref="oc-4f"/>
            <object_component_ref idref="oc-5b"/>
            <object_component_ref idref="oc-cd"/>
            <object_component_ref idref="oc-67"/>
            <object_component_ref idref="oc-61"/>
            <object_component_ref idref="oc-93"/>
         </contents>
      </logical_group>
      <logical_group id="lg-108" display="never" color="cyan">
         <name>.debug_pubnames</name>
         <load_address>0x0</load_address>
         <run_address>0x0</run_address>
         <size>0x79a</size>
         <contents>
            <object_component_ref idref="oc-bd"/>
            <object_component_ref idref="oc-c2"/>
            <object_component_ref idref="oc-9c"/>
            <object_component_ref idref="oc-12"/>
            <object_component_ref idref="oc-2e"/>
            <object_component_ref idref="oc-29"/>
            <object_component_ref idref="oc-18"/>
            <object_component_ref idref="oc-42"/>
            <object_component_ref idref="oc-1b"/>
            <object_component_ref idref="oc-a6"/>
            <object_component_ref idref="oc-70"/>
            <object_component_ref idref="oc-37"/>
            <object_component_ref idref="oc-50"/>
            <object_component_ref idref="oc-5c"/>
            <object_component_ref idref="oc-73"/>
            <object_component_ref idref="oc-a3"/>
            <object_component_ref idref="oc-ce"/>
            <object_component_ref idref="oc-68"/>
            <object_component_ref idref="oc-62"/>
            <object_component_ref idref="oc-94"/>
         </contents>
      </logical_group>
      <logical_group id="lg-10a" display="never" color="cyan">
         <name>.debug_pubtypes</name>
         <load_address>0x0</load_address>
         <run_address>0x0</run_address>
         <size>0x46a</size>
         <contents>
            <object_component_ref idref="oc-79"/>
            <object_component_ref idref="oc-e2"/>
            <object_component_ref idref="oc-3b"/>
            <object_component_ref idref="oc-7f"/>
            <object_component_ref idref="oc-49"/>
            <object_component_ref idref="oc-89"/>
            <object_component_ref idref="oc-a9"/>
            <object_component_ref idref="oc-d4"/>
            <object_component_ref idref="oc-c7"/>
            <object_component_ref idref="oc-b1"/>
            <object_component_ref idref="oc-b6"/>
            <object_component_ref idref="oc-dc"/>
         </contents>
      </logical_group>
      <load_segment id="lg-114" display="no" color="cyan">
         <name>SEGMENT_0</name>
         <load_address>0x0</load_address>
         <run_address>0x0</run_address>
         <size>0x5e0</size>
         <flags>0x5</flags>
         <contents>
            <logical_group_ref idref="lg-4"/>
            <logical_group_ref idref="lg-5"/>
            <logical_group_ref idref="lg-7"/>
         </contents>
      </load_segment>
      <load_segment id="lg-115" display="no" color="cyan">
         <name>SEGMENT_1</name>
         <run_address>0x20000000</run_address>
         <size>0x18</size>
         <flags>0x6</flags>
         <contents>
            <logical_group_ref idref="lg-b"/>
         </contents>
      </load_segment>
      <load_segment id="lg-116" display="no" color="cyan">
         <name>SEGMENT_2</name>
         <run_address>0x2000fe00</run_address>
         <size>0x200</size>
         <flags>0x6</flags>
         <contents>
            <logical_group_ref idref="lg-e"/>
         </contents>
      </load_segment>
   </logical_group_list>
   <placement_map>
      <memory_area display="yes" color="green">
         <name>MAIN</name>
         <page_id>0x0</page_id>
         <origin>0x0</origin>
         <length>0x40000</length>
         <used_space>0x5dc</used_space>
         <unused_space>0x3fa24</unused_space>
         <attributes>RX</attributes>
         <usage_details>
            <allocated_space>
               <start_address>0x0</start_address>
               <size>0x144</size>
               <logical_group_ref idref="lg-4"/>
            </allocated_space>
            <allocated_space>
               <start_address>0x144</start_address>
               <size>0x470</size>
               <logical_group_ref idref="lg-5"/>
            </allocated_space>
            <available_space>
               <start_address>0x5b4</start_address>
               <size>0x4</size>
            </available_space>
            <allocated_space>
               <start_address>0x5b8</start_address>
               <size>0x28</size>
               <logical_group_ref idref="lg-7"/>
            </allocated_space>
            <available_space>
               <start_address>0x5e0</start_address>
               <size>0x3fa20</size>
            </available_space>
         </usage_details>
      </memory_area>
      <memory_area display="yes" color="green">
         <name>INFO</name>
         <page_id>0x0</page_id>
         <origin>0x200000</origin>
         <length>0x4000</length>
         <used_space>0x0</used_space>
         <unused_space>0x4000</unused_space>
         <attributes>RX</attributes>
         <usage_details>
         </usage_details>
      </memory_area>
      <memory_area display="yes" color="green">
         <name>SRAM_CODE</name>
         <page_id>0x0</page_id>
         <origin>0x1000000</origin>
         <length>0x10000</length>
         <used_space>0x0</used_space>
         <unused_space>0x10000</unused_space>
         <attributes>RWX</attributes>
         <usage_details>
         </usage_details>
      </memory_area>
      <memory_area display="yes" color="green">
         <name>SRAM_DATA</name>
         <page_id>0x0</page_id>
         <origin>0x20000000</origin>
         <length>0x10000</length>
         <used_space>0x218</used_space>
         <unused_space>0xfde8</unused_space>
         <attributes>RW</attributes>
         <usage_details>
            <allocated_space>
               <start_address>0x20000000</start_address>
               <size>0x18</size>
               <logical_group_ref idref="lg-ed"/>
            </allocated_space>
            <available_space>
               <start_address>0x20000018</start_address>
               <size>0xfde8</size>
            </available_space>
            <allocated_space>
               <start_address>0x2000fe00</start_address>
               <size>0x200</size>
               <logical_group_ref idref="lg-e"/>
            </allocated_space>
         </usage_details>
      </memory_area>
   </placement_map>
   <cptbl_list>
      <cptbl>
         <name>__TI_cinit_table</name>
         <cprec>
            <name>.data</name>
            <load_address>0x5b8</load_address>
            <load_size>0x15</load_size>
            <run_address>0x20000000</run_address>
            <run_size>0x18</run_size>
            <compression>rle</compression>
         </cprec>
      </cptbl>
   </cptbl_list>
   <handler_table>
      <handler_table_name>__TI_handler_table</handler_table_name>
      <handler>
         <index>0x0</index>
         <name>__TI_decompress_rle24</name>
      </handler>
      <handler>
         <index>0x1</index>
         <name>__TI_decompress_none</name>
      </handler>
   </handler_table>
   <symbol_table>
      <symbol id="sm-1">
         <name>WDTCTL_SYM</name>
         <value>0x4000480c</value>
      </symbol>
      <symbol id="sm-2">
         <name>__TI_CINIT_Base</name>
         <value>0x5d8</value>
      </symbol>
      <symbol id="sm-3">
         <name>__TI_CINIT_Limit</name>
         <value>0x5e0</value>
      </symbol>
      <symbol id="sm-4">
         <name>__TI_Handler_Table_Base</name>
         <value>0x5d0</value>
      </symbol>
      <symbol id="sm-5">
         <name>__TI_Handler_Table_Limit</name>
         <value>0x5d8</value>
      </symbol>
      <symbol id="sm-6">
         <name>binit</name>
         <value>0xffffffff</value>
      </symbol>
      <symbol id="sm-7">
         <name>__binit__</name>
         <value>0xffffffff</value>
      </symbol>
      <symbol id="sm-8">
         <name>__STACK_SIZE</name>
         <value>0x200</value>
      </symbol>
      <symbol id="sm-9">
         <name>__STACK_END</name>
         <value>0x20010000</value>
      </symbol>
      <symbol id="sm-a">
         <name>__c_args__</name>
         <value>0xffffffff</value>
      </symbol>
      <symbol id="sm-3d">
         <name>SysTick_Wait</name>
         <value>0x311</value>
         <object_component_ref idref="oc-ba"/>
      </symbol>
      <symbol id="sm-3e">
         <name>SysTick_Wait10ms</name>
         <value>0x337</value>
         <object_component_ref idref="oc-ba"/>
      </symbol>
      <symbol id="sm-3f">
         <name>SysTick_Init</name>
         <value>0x2f5</value>
         <object_component_ref idref="oc-ba"/>
      </symbol>
      <symbol id="sm-56">
         <name>clk</name>
         <value>0x20000010</value>
         <object_component_ref idref="oc-c0"/>
      </symbol>
      <symbol id="sm-57">
         <name>main</name>
         <value>0x495</value>
         <object_component_ref idref="oc-99"/>
      </symbol>
      <symbol id="sm-d7">
         <name>T32_INT2_IRQHandler</name>
         <value>0x239</value>
         <object_component_ref idref="oc-2b"/>
      </symbol>
      <symbol id="sm-d8">
         <name>PendSV_Handler</name>
         <value>0x201</value>
         <object_component_ref idref="oc-2b"/>
      </symbol>
      <symbol id="sm-d9">
         <name>SysTick_Handler</name>
         <value>0x203</value>
         <object_component_ref idref="oc-2b"/>
      </symbol>
      <symbol id="sm-da">
         <name>EUSCIA3_IRQHandler</name>
         <value>0x22b</value>
         <object_component_ref idref="oc-2b"/>
      </symbol>
      <symbol id="sm-db">
         <name>SVC_Handler</name>
         <value>0x1fd</value>
         <object_component_ref idref="oc-2b"/>
      </symbol>
      <symbol id="sm-dc">
         <name>EUSCIB1_IRQHandler</name>
         <value>0x22f</value>
         <object_component_ref idref="oc-2b"/>
      </symbol>
      <symbol id="sm-dd">
         <name>PORT4_IRQHandler</name>
         <value>0x251</value>
         <object_component_ref idref="oc-2b"/>
      </symbol>
      <symbol id="sm-de">
         <name>AES256_IRQHandler</name>
         <value>0x23d</value>
         <object_component_ref idref="oc-2b"/>
      </symbol>
      <symbol id="sm-df">
         <name>FPU_IRQHandler</name>
         <value>0x20d</value>
         <object_component_ref idref="oc-2b"/>
      </symbol>
      <symbol id="sm-e0">
         <name>EUSCIB2_IRQHandler</name>
         <value>0x231</value>
         <object_component_ref idref="oc-2b"/>
      </symbol>
      <symbol id="sm-e1">
         <name>PORT1_IRQHandler</name>
         <value>0x24b</value>
         <object_component_ref idref="oc-2b"/>
      </symbol>
      <symbol id="sm-e2">
         <name>RTC_C_IRQHandler</name>
         <value>0x23f</value>
         <object_component_ref idref="oc-2b"/>
      </symbol>
      <symbol id="sm-e3">
         <name>TA2_0_IRQHandler</name>
         <value>0x21d</value>
         <object_component_ref idref="oc-2b"/>
      </symbol>
      <symbol id="sm-e4">
         <name>TA3_N_IRQHandler</name>
         <value>0x223</value>
         <object_component_ref idref="oc-2b"/>
      </symbol>
      <symbol id="sm-e5">
         <name>DMA_INT3_IRQHandler</name>
         <value>0x243</value>
         <object_component_ref idref="oc-2b"/>
      </symbol>
      <symbol id="sm-e6">
         <name>PORT2_IRQHandler</name>
         <value>0x24d</value>
         <object_component_ref idref="oc-2b"/>
      </symbol>
      <symbol id="sm-e7">
         <name>StartCritical</name>
         <value>0x263</value>
         <object_component_ref idref="oc-2b"/>
      </symbol>
      <symbol id="sm-e8">
         <name>TA0_0_IRQHandler</name>
         <value>0x215</value>
         <object_component_ref idref="oc-2b"/>
      </symbol>
      <symbol id="sm-e9">
         <name>PSS_IRQHandler</name>
         <value>0x205</value>
         <object_component_ref idref="oc-2b"/>
      </symbol>
      <symbol id="sm-ea">
         <name>TA1_N_IRQHandler</name>
         <value>0x21b</value>
         <object_component_ref idref="oc-2b"/>
      </symbol>
      <symbol id="sm-eb">
         <name>EUSCIA1_IRQHandler</name>
         <value>0x227</value>
         <object_component_ref idref="oc-2b"/>
      </symbol>
      <symbol id="sm-ec">
         <name>EUSCIA2_IRQHandler</name>
         <value>0x229</value>
         <object_component_ref idref="oc-2b"/>
      </symbol>
      <symbol id="sm-ed">
         <name>COMP_E0_IRQHandler</name>
         <value>0x211</value>
         <object_component_ref idref="oc-2b"/>
      </symbol>
      <symbol id="sm-ee">
         <name>WDT_A_IRQHandler</name>
         <value>0x20b</value>
         <object_component_ref idref="oc-2b"/>
      </symbol>
      <symbol id="sm-ef">
         <name>EUSCIB0_IRQHandler</name>
         <value>0x22d</value>
         <object_component_ref idref="oc-2b"/>
      </symbol>
      <symbol id="sm-f0">
         <name>FLCTL_IRQHandler</name>
         <value>0x20f</value>
         <object_component_ref idref="oc-2b"/>
      </symbol>
      <symbol id="sm-f1">
         <name>EndCritical</name>
         <value>0x26d</value>
         <object_component_ref idref="oc-2b"/>
      </symbol>
      <symbol id="sm-f2">
         <name>DMA_INT1_IRQHandler</name>
         <value>0x247</value>
         <object_component_ref idref="oc-2b"/>
      </symbol>
      <symbol id="sm-f3">
         <name>PCM_IRQHandler</name>
         <value>0x209</value>
         <object_component_ref idref="oc-2b"/>
      </symbol>
      <symbol id="sm-f4">
         <name>ADC14_IRQHandler</name>
         <value>0x235</value>
         <object_component_ref idref="oc-2b"/>
      </symbol>
      <symbol id="sm-f5">
         <name>T32_INTC_IRQHandler</name>
         <value>0x23b</value>
         <object_component_ref idref="oc-2b"/>
      </symbol>
      <symbol id="sm-f6">
         <name>DMA_INT2_IRQHandler</name>
         <value>0x245</value>
         <object_component_ref idref="oc-2b"/>
      </symbol>
      <symbol id="sm-f7">
         <name>TA3_0_IRQHandler</name>
         <value>0x221</value>
         <object_component_ref idref="oc-2b"/>
      </symbol>
      <symbol id="sm-f8">
         <name>EUSCIA0_IRQHandler</name>
         <value>0x225</value>
         <object_component_ref idref="oc-2b"/>
      </symbol>
      <symbol id="sm-f9">
         <name>DMA_ERR_IRQHandler</name>
         <value>0x241</value>
         <object_component_ref idref="oc-2b"/>
      </symbol>
      <symbol id="sm-fa">
         <name>DisableInterrupts</name>
         <value>0x257</value>
         <object_component_ref idref="oc-2b"/>
      </symbol>
      <symbol id="sm-fb">
         <name>PORT5_IRQHandler</name>
         <value>0x253</value>
         <object_component_ref idref="oc-2b"/>
      </symbol>
      <symbol id="sm-fc">
         <name>TA1_0_IRQHandler</name>
         <value>0x219</value>
         <object_component_ref idref="oc-2b"/>
      </symbol>
      <symbol id="sm-fd">
         <name>TA2_N_IRQHandler</name>
         <value>0x21f</value>
         <object_component_ref idref="oc-2b"/>
      </symbol>
      <symbol id="sm-fe">
         <name>COMP_E1_IRQHandler</name>
         <value>0x213</value>
         <object_component_ref idref="oc-2b"/>
      </symbol>
      <symbol id="sm-ff">
         <name>EUSCIB3_IRQHandler</name>
         <value>0x233</value>
         <object_component_ref idref="oc-2b"/>
      </symbol>
      <symbol id="sm-100">
         <name>WaitForInterrupt</name>
         <value>0x275</value>
         <object_component_ref idref="oc-2b"/>
      </symbol>
      <symbol id="sm-101">
         <name>interruptVectors</name>
         <value>0x0</value>
         <object_component_ref idref="oc-10"/>
      </symbol>
      <symbol id="sm-102">
         <name>EnableInterrupts</name>
         <value>0x25d</value>
         <object_component_ref idref="oc-2b"/>
      </symbol>
      <symbol id="sm-103">
         <name>PORT6_IRQHandler</name>
         <value>0x255</value>
         <object_component_ref idref="oc-2b"/>
      </symbol>
      <symbol id="sm-104">
         <name>TA0_N_IRQHandler</name>
         <value>0x217</value>
         <object_component_ref idref="oc-2b"/>
      </symbol>
      <symbol id="sm-105">
         <name>T32_INT1_IRQHandler</name>
         <value>0x237</value>
         <object_component_ref idref="oc-2b"/>
      </symbol>
      <symbol id="sm-106">
         <name>DebugMon_Handler</name>
         <value>0x1ff</value>
         <object_component_ref idref="oc-2b"/>
      </symbol>
      <symbol id="sm-107">
         <name>DMA_INT0_IRQHandler</name>
         <value>0x249</value>
         <object_component_ref idref="oc-2b"/>
      </symbol>
      <symbol id="sm-108">
         <name>PORT3_IRQHandler</name>
         <value>0x24f</value>
         <object_component_ref idref="oc-2b"/>
      </symbol>
      <symbol id="sm-109">
         <name>CS_IRQHandler</name>
         <value>0x207</value>
         <object_component_ref idref="oc-2b"/>
      </symbol>
      <symbol id="sm-11b">
         <name>_c_int00</name>
         <value>0x445</value>
         <object_component_ref idref="oc-25"/>
      </symbol>
      <symbol id="sm-11c">
         <name>__stack</name>
         <value>0x2000fe00</value>
         <object_component_ref idref="oc-2a"/>
      </symbol>
      <symbol id="sm-133">
         <name>__TI_decompress_none</name>
         <value>0x59d</value>
         <object_component_ref idref="oc-13"/>
      </symbol>
      <symbol id="sm-15b">
         <name>__TI_decompress_rle24</name>
         <value>0x5ab</value>
         <object_component_ref idref="oc-19"/>
      </symbol>
      <symbol id="sm-17b">
         <name>C$$EXIT</name>
         <value>0x52d</value>
         <object_component_ref idref="oc-6b"/>
      </symbol>
      <symbol id="sm-17c">
         <name>abort</name>
         <value>0x531</value>
         <object_component_ref idref="oc-6b"/>
      </symbol>
      <symbol id="sm-17d">
         <name>exit</name>
         <value>0x539</value>
         <object_component_ref idref="oc-6b"/>
      </symbol>
      <symbol id="sm-17e">
         <name>__TI_dtors_ptr</name>
         <value>0x2000000c</value>
         <object_component_ref idref="oc-a4"/>
      </symbol>
      <symbol id="sm-17f">
         <name>__TI_cleanup_ptr</name>
         <value>0x20000008</value>
         <object_component_ref idref="oc-a4"/>
      </symbol>
      <symbol id="sm-19a">
         <name>memcpy</name>
         <value>0x145</value>
         <object_component_ref idref="oc-34"/>
      </symbol>
      <symbol id="sm-19b">
         <name>__aeabi_memcpy</name>
         <value>0x145</value>
         <object_component_ref idref="oc-34"/>
      </symbol>
      <symbol id="sm-19c">
         <name>__aeabi_memcpy8</name>
         <value>0x145</value>
         <object_component_ref idref="oc-34"/>
      </symbol>
      <symbol id="sm-19d">
         <name>__aeabi_memcpy4</name>
         <value>0x145</value>
         <object_component_ref idref="oc-34"/>
      </symbol>
      <symbol id="sm-1ac">
         <name>__aeabi_memset</name>
         <value>0x27d</value>
         <object_component_ref idref="oc-4d"/>
      </symbol>
      <symbol id="sm-1ad">
         <name>memset</name>
         <value>0x283</value>
         <object_component_ref idref="oc-4d"/>
      </symbol>
      <symbol id="sm-1ae">
         <name>__aeabi_memset8</name>
         <value>0x27d</value>
         <object_component_ref idref="oc-4d"/>
      </symbol>
      <symbol id="sm-1af">
         <name>__aeabi_memset4</name>
         <value>0x27d</value>
         <object_component_ref idref="oc-4d"/>
      </symbol>
      <symbol id="sm-1b0">
         <name>__aeabi_memclr8</name>
         <value>0x27b</value>
         <object_component_ref idref="oc-4d"/>
      </symbol>
      <symbol id="sm-1b1">
         <name>__aeabi_memclr4</name>
         <value>0x27b</value>
         <object_component_ref idref="oc-4d"/>
      </symbol>
      <symbol id="sm-1b2">
         <name>__aeabi_memclr</name>
         <value>0x27b</value>
         <object_component_ref idref="oc-4d"/>
      </symbol>
      <symbol id="sm-1bc">
         <name>_system_pre_init</name>
         <value>0x5b1</value>
         <object_component_ref idref="oc-59"/>
      </symbol>
      <symbol id="sm-1c4">
         <name>main_func_sp</name>
         <value>0x20000014</value>
         <object_component_ref idref="oc-71"/>
      </symbol>
      <symbol id="sm-1dd">
         <name>_nop</name>
         <value>0x597</value>
         <object_component_ref idref="oc-cb"/>
      </symbol>
      <symbol id="sm-1de">
         <name>_lock</name>
         <value>0x20000000</value>
         <object_component_ref idref="oc-a1"/>
      </symbol>
      <symbol id="sm-1df">
         <name>_unlock</name>
         <value>0x20000004</value>
         <object_component_ref idref="oc-a1"/>
      </symbol>
      <symbol id="sm-1e0">
         <name>_register_lock</name>
         <value>0x58f</value>
         <object_component_ref idref="oc-cb"/>
      </symbol>
      <symbol id="sm-1e1">
         <name>_register_unlock</name>
         <value>0x589</value>
         <object_component_ref idref="oc-cb"/>
      </symbol>
      <symbol id="sm-1f6">
         <name>_args_main</name>
         <value>0x571</value>
         <object_component_ref idref="oc-65"/>
      </symbol>
      <symbol id="sm-21c">
         <name>__TI_auto_init</name>
         <value>0x36d</value>
         <object_component_ref idref="oc-5f"/>
      </symbol>
      <symbol id="sm-236">
         <name>copy_in</name>
         <value>0x4e1</value>
         <object_component_ref idref="oc-91"/>
      </symbol>
      <symbol id="sm-237">
         <name>__TI_static_base__</name>
         <value>0x0</value>
      </symbol>
      <symbol id="sm-23a">
         <name>SHT$$INIT_ARRAY$$Limit</name>
         <value>0x0</value>
      </symbol>
      <symbol id="sm-23b">
         <name>SHT$$INIT_ARRAY$$Base</name>
         <value>0x0</value>
      </symbol>
   </symbol_table>
   <title>Link successful</title>
</link_info>
